pincode,district,Total_Bio,bio_age_5_17,bio_age_17_,Youth_Pct
764043,Koraput,17757,8022,9735,45.2
764072,Nabarangpur,13101,6491,6610,49.5
764073,Nabarangpur,12921,6846,6075,53.0
764074,Nabarangpur,12607,7020,5587,55.7
766105,Nuapada,11011,5095,5916,46.3
764044,Malkangiri,10398,5095,5303,49.0
764076,Nabarangpur,10297,5635,4662,54.7
766002,Kalahandi,9766,4498,5268,46.1
764002,Koraput,9502,3667,5835,38.6
761217,Gajapati,9183,4826,4357,52.6
764056,Koraput,9137,4516,4621,49.4
754141,Jagatsinghpur,8955,4516,4439,50.4
754029,Cuttack,8679,4444,4235,51.2
754031,Cuttack,8499,3310,5189,38.9
756125,Bhadrak,8419,4547,3872,54.0
761017,Gajapati,8306,3890,4416,46.8
764071,Nabarangpur,8266,3873,4393,46.9
767026,Balangir,8237,3944,4293,47.9
768036,Bargarh,8146,4203,3943,51.6
753001,Cuttack,8030,2648,5382,33.0
765015,Rayagada,7921,4129,3792,52.1
759016,Dhenkanal,7892,3271,4621,41.4
761016,Gajapati,7885,4137,3748,52.5
764052,Malkangiri,7821,4182,3639,53.5
765017,Rayagada,7758,3151,4607,40.6
766108,Nuapada,7742,3613,4129,46.7
766014,Kalahandi,7453,3243,4210,43.5
768028,Bargarh,7419,3738,3681,50.4
764045,Malkangiri,7360,3987,3373,54.2
767033,Balangir,7247,3349,3898,46.2
767018,Subarnapur,7052,3602,3450,51.1
764058,Koraput,7027,3541,3486,50.4
759125,Angul,6841,3341,3500,48.8
756045,Balasore,6777,3721,3056,54.9
756032,Balasore,6753,3017,3736,44.7
752011,Puri,6715,3482,3233,51.9
752002,Puri,6711,2715,3996,40.5
758018,Keonjhar,6661,3031,3630,45.5
765020,Rayagada,6641,3684,2957,55.5
767039,Balangir,6609,3423,3186,51.8
767032,Balangir,6564,2814,3750,42.9
761105,Ganjam,6526,3076,3450,47.1
770037,Sundargarh,6510,2335,4175,35.9
767037,Balangir,6503,2768,3735,42.6
762104,Kandhamal,6489,2743,3746,42.3
767025,Balangir,6483,3260,3223,50.3
770033,Sundargarh,6378,2563,3815,40.2
751002,Khordha,6344,2228,4116,35.1
759120,Dhenkanal,6297,3401,2896,54.0
752104,Puri,6279,2586,3693,41.2
764059,Nabarangpur,6228,2997,3231,48.1
764039,Koraput,6213,1812,4401,29.2
757038,Mayurbhanj,6153,3551,2602,57.7
755019,Jajpur,6116,3205,2911,52.4
762016,Boudh,6111,2488,3623,40.7
764036,Koraput,6091,2936,3155,48.2
752077,Nayagarh,6071,2754,3317,45.4
766106,Nuapada,6029,3095,2934,51.3
770017,Sundargarh,5983,3157,2826,52.8
768106,Sambalpur,5981,3287,2694,55.0
766015,Kalahandi,5914,2418,3496,40.9
752050,Khordha,5911,2327,3584,39.4
754004,Cuttack,5882,2803,3079,47.7
759127,Angul,5873,2920,2953,49.7
768029,Bargarh,5866,3164,2702,53.9
764027,Koraput,5838,2017,3821,34.5
755026,Jajpur,5798,2989,2809,51.6
756117,Bhadrak,5798,2762,3036,47.6
766107,Nuapada,5742,2841,2901,49.5
758021,Keonjhar,5677,2815,2862,49.6
754220,Kendrapara,5668,2591,3077,45.7
754224,Kendrapara,5662,2991,2671,52.8
766018,Kalahandi,5661,2594,3067,45.8
761104,Ganjam,5630,2849,2781,50.6
768042,Bargarh,5573,3080,2493,55.3
767002,Balangir,5567,2839,2728,51.0
766118,Nuapada,5561,2765,2796,49.7
767016,Subarnapur,5504,3140,2364,57.0
767040,Balangir,5498,2465,3033,44.8
759121,Dhenkanal,5483,1872,3611,34.1
765013,Koraput,5454,2948,2506,54.1
759126,Angul,5444,2453,2991,45.1
756033,Balasore,5439,2029,3410,37.3
768108,Deogarh,5396,2540,2856,47.1
762103,Kandhamal,5380,2679,2701,49.8
761032,Ganjam,5371,2491,2880,46.4
767023,Subarnapur,5336,2774,2562,52.0
754211,Kendrapara,5326,3025,2301,56.8
754103,Jagatsinghpur,5317,2304,3013,43.3
766111,Nuapada,5250,3024,2226,57.6
755008,Jajpur,5226,2504,2722,47.9
764047,Malkangiri,5206,3100,2106,59.5
759018,Dhenkanal,5201,2772,2429,53.3
752031,Khordha,5149,2816,2333,54.7
765019,Rayagada,5146,2462,2684,47.8
764051,Malkangiri,5140,3433,1707,66.8
756027,Balasore,5090,2589,2501,50.9
755009,Jajpur,5081,2758,2323,54.3
758031,Keonjhar,5080,2323,2757,45.7
767019,Subarnapur,5074,2454,2620,48.4
766102,Kalahandi,5048,2389,2659,47.3
758034,Keonjhar,5016,1972,3044,39.3
757033,Mayurbhanj,4973,2554,2419,51.4
766104,Nuapada,4967,2276,2691,45.8
764075,Nabarangpur,4953,2353,2600,47.5
770040,Sundargarh,4926,2355,2571,47.8
764057,Koraput,4922,2045,2877,41.5
754215,Kendrapara,4878,2564,2314,52.6
768027,Bargarh,4838,2481,2357,51.3
761212,Gajapati,4833,2661,2172,55.1
761118,Ganjam,4822,2452,2370,50.9
752026,Nayagarh,4812,2458,2354,51.1
766011,Kalahandi,4772,2250,2522,47.2
754032,Cuttack,4749,2600,2149,54.7
768109,Deogarh,4707,2671,2036,56.7
761111,Ganjam,4703,2218,2485,47.2
761029,Ganjam,4679,2082,2597,44.5
755018,Jajpur,4664,2296,2368,49.2
770036,Sundargarh,4643,1835,2808,39.5
761131,Ganjam,4637,2130,2507,45.9
751019,Khordha,4626,1518,3108,32.8
765016,Rayagada,4622,1571,3051,34.0
766036,Kalahandi,4617,2090,2527,45.3
761107,Ganjam,4590,2317,2273,50.5
752030,Khordha,4581,2529,2052,55.2
762015,Boudh,4576,2008,2568,43.9
755023,Jajpur,4572,2341,2231,51.2
757037,Mayurbhanj,4567,2310,2257,50.6
754207,Cuttack,4562,2124,2438,46.6
767001,Balangir,4533,2251,2282,49.7
761207,Gajapati,4523,1766,2757,39.0
766029,Kalahandi,4506,1799,2707,39.9
768212,Sambalpur,4500,1626,2874,36.1
759132,Angul,4497,2056,2441,45.7
752017,Puri,4470,2644,1826,59.1
754200,Cuttack,4462,2110,2352,47.3
761106,Ganjam,4443,2174,2269,48.9
755007,Jajpur,4401,2242,2159,50.9
757079,Mayurbhanj,4400,2416,1984,54.9
756133,Bhadrak,4395,2279,2116,51.9
756130,Bhadrak,4386,2413,1973,55.0
756036,Balasore,4344,2627,1717,60.5
754008,Cuttack,4343,2439,1904,56.2
752070,Nayagarh,4227,2037,2190,48.2
752063,Nayagarh,4224,1875,2349,44.4
756131,Bhadrak,4223,2389,1834,56.6
768033,Bargarh,4193,2478,1715,59.1
752055,Khordha,4188,1969,2219,47.0
759015,Dhenkanal,4171,2237,1934,53.6
768038,Bargarh,4156,2144,2012,51.6
764061,Nabarangpur,4142,1930,2212,46.6
762011,Kandhamal,4108,2508,1600,61.1
769001,Sundargarh,4104,1643,2461,40.0
768032,Bargarh,4089,2010,2079,49.2
756019,Balasore,4086,2200,1886,53.8
751003,Khordha,4079,1533,2546,37.6
762002,Kandhamal,4079,2244,1835,55.0
759013,Dhenkanal,4072,2040,2032,50.1
762107,Kandhamal,4064,1997,2067,49.1
755005,Jajpur,4063,2020,2043,49.7
756002,Balasore,4060,1876,2184,46.2
770035,Sundargarh,4053,2021,2032,49.9
768030,Bargarh,4022,2066,1956,51.4
764077,Nabarangpur,4011,1776,2235,44.3
765022,Rayagada,4005,2182,1823,54.5
759129,Angul,3999,1527,2472,38.2
768222,Sambalpur,3990,2426,1564,60.8
757053,Mayurbhanj,3978,2443,1535,61.4
758035,Keonjhar,3969,2055,1914,51.8
766023,Kalahandi,3958,1788,2170,45.2
761015,Gajapati,3956,1954,2002,49.4
756132,Bhadrak,3955,2187,1768,55.3
762105,Kandhamal,3947,2109,1838,53.4
757048,Mayurbhanj,3945,1902,2043,48.2
754028,Cuttack,3926,1744,2182,44.4
762021,Kandhamal,3914,1661,2253,42.4
759100,Angul,3895,2044,1851,52.5
754217,Kendrapara,3893,2023,1870,52.0
756119,Bhadrak,3872,2038,1834,52.6
759014,Dhenkanal,3863,1644,2219,42.6
752054,Khordha,3862,1493,2369,38.7
765026,Rayagada,3862,2163,1699,56.0
754225,Kendrapara,3862,1895,1967,49.1
767020,Balangir,3862,1838,2024,47.6
756047,Balasore,3846,2213,1633,57.5
766001,Kalahandi,3844,1800,2044,46.8
768104,Bargarh,3839,1662,2177,43.3
761018,Ganjam,3832,1992,1840,52.0
755016,Jajpur,3829,1964,1865,51.3
761020,Ganjam,3819,2022,1797,52.9
766019,Kalahandi,3817,1703,2114,44.6
754134,Kendrapara,3799,1916,1883,50.4
764037,Koraput,3787,1778,2009,47.0
752001,Puri,3779,1601,2178,42.4
766012,Kalahandi,3769,1758,2011,46.6
761109,Ganjam,3759,1918,1841,51.0
768039,Bargarh,3758,1969,1789,52.4
767035,Balangir,3758,1526,2232,40.6
757032,Mayurbhanj,3757,1648,2109,43.9
759128,Angul,3756,1612,2144,42.9
756035,Balasore,3750,1996,1754,53.2
769004,Sundargarh,3747,1621,2126,43.3
770016,Sundargarh,3740,1950,1790,52.1
759103,Angul,3737,1736,2001,46.5
754022,Cuttack,3733,1946,1787,52.1
755011,Jajpur,3724,1898,1826,51.0
767029,Balangir,3713,1941,1772,52.3
759017,Dhenkanal,3686,2202,1484,59.7
762101,Kandhamal,3681,1633,2048,44.4
764038,Koraput,3661,1266,2395,34.6
759119,Angul,3650,2091,1559,57.3
759020,Dhenkanal,3641,1673,1968,45.9
767065,Balangir,3614,1784,1830,49.4
756121,Bhadrak,3610,1834,1776,50.8
757043,Mayurbhanj,3595,1859,1736,51.7
756100,Bhadrak,3594,1715,1879,47.7
761108,Ganjam,3590,1800,1790,50.1
758013,Keonjhar,3587,1779,1808,49.6
756126,Balasore,3583,2076,1507,57.9
765002,Rayagada,3576,1370,2206,38.3
764063,Koraput,3571,1731,1840,48.5
752068,Nayagarh,3569,1771,1798,49.6
756024,Balasore,3567,1611,1956,45.2
767038,Balangir,3567,1798,1769,50.4
754212,Kendrapara,3567,1889,1678,53.0
767028,Balangir,3556,1559,1997,43.8
757041,Mayurbhanj,3533,1693,1840,47.9
766037,Kalahandi,3528,1626,1902,46.1
757050,Mayurbhanj,3519,1943,1576,55.2
756042,Balasore,3507,2069,1438,59.0
770015,Sundargarh,3505,1702,1803,48.6
766013,Kalahandi,3500,1810,1690,51.7
756003,Balasore,3497,1639,1858,46.9
759028,Dhenkanal,3492,1724,1768,49.4
758025,Keonjhar,3490,1747,1743,50.1
764021,Koraput,3487,1846,1641,52.9
761003,Ganjam,3487,1955,1532,56.1
756114,Bhadrak,3484,1882,1602,54.0
758014,Keonjhar,3480,1776,1704,51.0
765029,Rayagada,3476,1853,1623,53.3
754119,Jagatsinghpur,3473,1624,1849,46.8
752014,Puri,3454,1636,1818,47.4
760001,Ganjam,3449,1882,1567,54.6
756026,Balasore,3446,1444,2002,41.9
751024,Khordha,3436,1238,2198,36.0
758019,Keonjhar,3435,1317,2118,38.3
756101,Bhadrak,3426,1772,1654,51.7
760002,Ganjam,3407,1671,1736,49.0
756129,Bhadrak,3397,1901,1496,56.0
756020,Balasore,3375,1504,1871,44.6
754005,Khordha,3374,1431,1943,42.4
754030,Cuttack,3360,2063,1297,61.4
761012,Ganjam,3352,1495,1857,44.6
758029,Keonjhar,3348,1500,1848,44.8
754110,Jagatsinghpur,3345,1717,1628,51.3
761121,Ganjam,3340,1619,1721,48.5
754204,Cuttack,3330,1867,1463,56.1
762017,Boudh,3324,1405,1919,42.3
757052,Mayurbhanj,3324,1593,1731,47.9
768005,Sambalpur,3323,1947,1376,58.6
756029,Balasore,3313,1536,1777,46.4
752021,Khordha,3307,1619,1688,49.0
752106,Puri,3306,1549,1757,46.9
759039,Dhenkanal,3304,1670,1634,50.5
765025,Rayagada,3293,1669,1624,50.7
754209,Cuttack,3290,1451,1839,44.1
758028,Keonjhar,3290,1335,1955,40.6
757035,Mayurbhanj,3290,1535,1755,46.7
757087,Mayurbhanj,3287,1526,1761,46.4
757039,Mayurbhanj,3278,1615,1663,49.3
757040,Mayurbhanj,3277,1525,1752,46.5
754037,Cuttack,3264,1802,1462,55.2
767024,Balangir,3261,1560,1701,47.8
761117,Ganjam,3251,1746,1505,53.7
756112,Bhadrak,3250,1860,1390,57.2
758043,Keonjhar,3248,1580,1668,48.6
754140,Jagatsinghpur,3247,1575,1672,48.5
752081,Nayagarh,3247,1699,1548,52.3
757034,Mayurbhanj,3243,1789,1454,55.2
768216,Jharsuguda,3242,1666,1576,51.4
755004,Jajpur,3242,1597,1645,49.3
756040,Balasore,3234,1742,1492,53.9
752079,Nayagarh,3230,1613,1617,49.9
757045,Mayurbhanj,3222,1820,1402,56.5
754132,Jagatsinghpur,3209,1569,1640,48.9
757049,Mayurbhanj,3193,1450,1743,45.4
757025,Mayurbhanj,3187,1481,1706,46.5
759021,Dhenkanal,3184,1483,1701,46.6
759027,Dhenkanal,3180,1513,1667,47.6
754108,Jagatsinghpur,3173,1562,1611,49.2
754001,Khordha,3156,1340,1816,42.5
756116,Bhadrak,3139,1725,1414,55.0
766017,Kalahandi,3138,1405,1733,44.8
751006,Khordha,3136,1134,2002,36.2
761014,Ganjam,3124,1470,1654,47.1
754009,Cuttack,3115,1601,1514,51.4
764055,Koraput,3105,1533,1572,49.4
768110,Deogarh,3095,1493,1602,48.2
761214,Gajapati,3085,1372,1713,44.5
768202,Jharsuguda,3085,1657,1428,53.7
755043,Jajpur,3084,1651,1433,53.5
752034,Khordha,3076,1395,1681,45.4
752102,Khordha,3064,1587,1477,51.8
761008,Ganjam,3063,1561,1502,51.0
752066,Khordha,3058,1673,1385,54.7
768200,Sambalpur,3045,1487,1558,48.8
767027,Balangir,3045,1499,1546,49.2
768040,Bargarh,3044,1609,1435,52.9
768103,Bargarh,3034,1515,1519,49.9
758022,Keonjhar,3028,1256,1772,41.5
764078,Nabarangpur,3022,1188,1834,39.3
752025,Nayagarh,2992,1527,1465,51.0
764070,Nabarangpur,2989,1286,1703,43.0
768105,Sambalpur,2985,1732,1253,58.0
758015,Keonjhar,2971,1595,1376,53.7
768006,Sambalpur,2970,1538,1432,51.8
759026,Dhenkanal,2970,1755,1215,59.1
752019,Khordha,2963,1682,1281,56.8
757036,Mayurbhanj,2963,1328,1635,44.8
756044,Balasore,2956,1806,1150,61.1
756164,Bhadrak,2946,1425,1521,48.4
761026,Ganjam,2943,1562,1381,53.1
768112,Sambalpur,2938,1501,1437,51.1
754213,Kendrapara,2934,1612,1322,54.9
761102,Ganjam,2929,1805,1124,61.6
770018,Sundargarh,2920,1596,1324,54.7
756115,Bhadrak,2892,1513,1379,52.3
752109,Puri,2889,1699,1190,58.8
756046,Balasore,2884,1685,1199,58.4
767045,Subarnapur,2882,1399,1483,48.5
752056,Khordha,2860,1236,1624,43.2
752080,Nayagarh,2857,1452,1405,50.8
762014,Boudh,2855,1366,1489,47.8
761035,Ganjam,2847,1132,1715,39.8
761013,Ganjam,2837,1382,1455,48.7
761030,Ganjam,2833,1446,1387,51.0
767062,Subarnapur,2830,1548,1282,54.7
770014,Sundargarh,2823,1473,1350,52.2
752110,Puri,2823,1430,1393,50.7
757001,Mayurbhanj,2814,1053,1761,37.4
766100,Kalahandi,2814,1375,1439,48.9
752012,Puri,2809,1311,1498,46.7
754221,Cuttack,2806,1403,1403,50.0
761055,Ganjam,2804,1368,1436,48.8
766103,Kalahandi,2791,1080,1711,38.7
759019,Dhenkanal,2779,1352,1427,48.7
754025,Cuttack,2768,1342,1426,48.5
768037,Bargarh,2768,1511,1257,54.6
754214,Jajpur,2765,1309,1456,47.3
757018,Mayurbhanj,2762,1410,1352,51.0
754106,Jagatsinghpur,2753,1147,1606,41.7
758032,Keonjhar,2749,1264,1485,46.0
752015,Puri,2741,1390,1351,50.7
756120,Bhadrak,2741,1628,1113,59.4
761010,Ganjam,2738,1366,1372,49.9
761206,Gajapati,2737,1574,1163,57.5
760003,Ganjam,2732,1471,1261,53.8
753011,Cuttack,2732,1152,1580,42.2
752062,Khordha,2719,1293,1426,47.6
759117,Angul,2711,1433,1278,52.9
758027,Keonjhar,2702,1168,1534,43.2
767017,Subarnapur,2700,1526,1174,56.5
768001,Sambalpur,2696,1304,1392,48.4
766101,Kalahandi,2693,1289,1404,47.9
759025,Dhenkanal,2690,1266,1424,47.1
756043,Balasore,2689,1438,1251,53.5
752023,Khordha,2686,1270,1416,47.3
764014,Koraput,2681,1334,1347,49.8
757030,Mayurbhanj,2679,1192,1487,44.5
756041,Balasore,2669,1222,1447,45.8
755014,Jajpur,2669,1399,1270,52.4
753014,Cuttack,2655,983,1672,37.0
766020,Kalahandi,2654,1032,1622,38.9
770012,Sundargarh,2647,1271,1376,48.0
764028,Koraput,2643,1165,1478,44.1
752114,Puri,2633,1293,1340,49.1
756181,Bhadrak,2625,1363,1262,51.9
752020,Khordha,2611,1287,1324,49.3
755003,Jajpur,2610,1302,1308,49.9
768107,Sambalpur,2601,1464,1137,56.3
756171,Bhadrak,2590,1550,1040,59.8
754035,Cuttack,2578,1151,1427,44.6
769012,Sundargarh,2577,1081,1496,41.9
759130,Angul,2573,1531,1042,59.5
769003,Sundargarh,2572,1067,1505,41.5
754205,Jajpur,2569,1461,1108,56.9
754246,Kendrapara,2563,1441,1122,56.2
758041,Keonjhar,2563,1203,1360,46.9
764049,Nabarangpur,2562,1199,1363,46.8
764086,Malkangiri,2559,1458,1101,57.0
754208,Kendrapara,2555,1282,1273,50.2
754248,Kendrapara,2552,1503,1049,58.9
764005,Koraput,2552,1068,1484,41.8
754104,Jagatsinghpur,2536,1159,1377,45.7
762018,Boudh,2534,1321,1213,52.1
752027,Khordha,2523,1270,1253,50.3
752107,Puri,2510,1393,1117,55.5
759141,Angul,2505,1337,1168,53.4
761119,Ganjam,2502,1423,1079,56.9
756030,Balasore,2500,1116,1384,44.6
757029,Mayurbhanj,2498,1056,1442,42.3
752035,Khordha,2497,1423,1074,57.0
752084,Nayagarh,2492,1181,1311,47.4
761028,Ganjam,2486,1386,1100,55.8
754131,Cuttack,2480,1173,1307,47.3
752105,Puri,2476,1226,1250,49.5
754130,Cuttack,2476,1122,1354,45.3
756001,Balasore,2474,1198,1276,48.4
765001,Rayagada,2470,1215,1255,49.2
761001,Ganjam,2466,1111,1355,45.1
756168,Bhadrak,2461,1460,1001,59.3
768201,Jharsuguda,2457,1351,1106,55.0
757091,Mayurbhanj,2449,1221,1228,49.9
755017,Jajpur,2446,1267,1179,51.8
762110,Kandhamal,2445,1171,1274,47.9
754219,Kendrapara,2444,1235,1209,50.5
754102,Jagatsinghpur,2440,1084,1356,44.4
754112,Cuttack,2440,1081,1359,44.3
752065,Nayagarh,2438,1156,1282,47.4
759022,Dhenkanal,2431,1102,1329,45.3
759118,Angul,2425,1260,1165,52.0
755006,Jajpur,2423,1127,1296,46.5
758080,Keonjhar,2420,1071,1349,44.3
761208,Gajapati,2416,1256,1160,52.0
755013,Jajpur,2415,1292,1123,53.5
761123,Ganjam,2411,1297,1114,53.8
757042,Mayurbhanj,2407,1258,1149,52.3
754250,Kendrapara,2403,1194,1209,49.7
755027,Jajpur,2402,1104,1298,46.0
761009,Ganjam,2389,1316,1073,55.1
757047,Mayurbhanj,2373,1289,1084,54.3
767067,Balangir,2365,1322,1043,55.9
756083,Balasore,2361,1218,1143,51.6
764001,Koraput,2354,1275,1079,54.2
759124,Angul,2339,1172,1167,50.1
757092,Mayurbhanj,2336,1128,1208,48.3
752103,Khordha,2326,1132,1194,48.7
757046,Mayurbhanj,2324,1324,1000,57.0
754138,Jagatsinghpur,2321,1070,1251,46.1
761101,Ganjam,2319,1259,1060,54.3
754113,Jagatsinghpur,2312,1359,953,58.8
758076,Keonjhar,2311,911,1400,39.4
757077,Mayurbhanj,2311,1151,1160,49.8
755025,Jajpur,2306,1305,1001,56.6
762100,Kandhamal,2302,1038,1264,45.1
757075,Mayurbhanj,2285,1024,1261,44.8
764003,Koraput,2280,1228,1052,53.9
752100,Khordha,2279,1240,1039,54.4
754227,Kendrapara,2279,986,1293,43.3
754202,Cuttack,2275,1168,1107,51.3
758044,Keonjhar,2270,982,1288,43.3
761213,Gajapati,2270,1266,1004,55.8
755061,Kendrapara,2268,1051,1217,46.3
770074,Sundargarh,2262,1207,1055,53.4
766027,Kalahandi,2255,1031,1224,45.7
761031,Ganjam,2255,1038,1217,46.0
756058,Balasore,2254,1190,1064,52.8
762028,Kandhamal,2243,784,1459,35.0
757026,Mayurbhanj,2240,1090,1150,48.7
756023,Balasore,2227,1114,1113,50.0
752061,Khordha,2227,1060,1167,47.6
761124,Ganjam,2227,1133,1094,50.9
759023,Dhenkanal,2220,1128,1092,50.8
762102,Kandhamal,2219,976,1243,44.0
752016,Puri,2209,1164,1045,52.7
752111,Puri,2205,1046,1159,47.4
761007,Ganjam,2201,1028,1173,46.7
768045,Bargarh,2191,925,1266,42.2
766110,Kalahandi,2189,846,1343,38.6
754292,Jajpur,2187,1177,1010,53.8
753004,Cuttack,2187,846,1341,38.7
758047,Keonjhar,2184,1005,1179,46.0
757028,Mayurbhanj,2178,1123,1055,51.6
756134,Balasore,2177,1125,1052,51.7
770044,Sundargarh,2172,1100,1072,50.6
752091,Nayagarh,2157,1059,1098,49.1
758001,Keonjhar,2151,1010,1141,47.0
768217,Jharsuguda,2149,1095,1054,51.0
761005,Ganjam,2144,1036,1108,48.3
752093,Nayagarh,2135,1003,1132,47.0
755022,Jajpur,2130,1168,962,54.8
761054,Ganjam,2125,1182,943,55.6
761027,Ganjam,2122,1270,852,59.8
770032,Sundargarh,2110,889,1221,42.1
751001,Khordha,2109,864,1245,41.0
768221,Sambalpur,2108,1058,1050,50.2
759024,Dhenkanal,2108,1152,956,54.6
761200,Gajapati,2092,1023,1069,48.9
762012,Kandhamal,2082,1149,933,55.2
756124,Bhadrak,2079,1137,942,54.7
754105,Cuttack,2075,1196,879,57.6
770039,Sundargarh,2070,964,1106,46.6
768213,Jharsuguda,2069,1049,1020,50.7
754023,Jajpur,2067,1051,1016,50.8
754139,Jagatsinghpur,2063,1045,1018,50.7
758016,Keonjhar,2058,1129,929,54.9
762010,Kandhamal,2056,890,1166,43.3
757106,Mayurbhanj,2054,1157,897,56.3
752108,Puri,2051,1040,1011,50.7
757016,Mayurbhanj,2048,1019,1029,49.8
753008,Cuttack,2048,648,1400,31.6
759001,Dhenkanal,2047,883,1164,43.1
761125,Ganjam,2046,1108,938,54.2
761211,Gajapati,2044,1084,960,53.0
753002,Cuttack,2027,725,1302,35.8
760006,Ganjam,2027,1181,846,58.3
758030,Keonjhar,2022,930,1092,46.0
757107,Mayurbhanj,2017,902,1115,44.7
752092,Nayagarh,2008,1110,898,55.3
757014,Mayurbhanj,2007,789,1218,39.3
756025,Balasore,2002,1073,929,53.6
768228,Sambalpur,2002,953,1049,47.6
752090,Nayagarh,1993,969,1024,48.6
756048,Balasore,1989,1144,845,57.5
751013,Khordha,1976,867,1109,43.9
752085,Nayagarh,1971,1039,932,52.7
756021,Balasore,1964,929,1035,47.3
754114,Jagatsinghpur,1960,864,1096,44.1
756127,Bhadrak,1959,1082,877,55.2
768034,Bargarh,1952,1037,915,53.1
761115,Ganjam,1952,962,990,49.3
770051,Sundargarh,1947,1024,923,52.6
757019,Mayurbhanj,1947,1001,946,51.4
752101,Khordha,1942,812,1130,41.8
768226,Jharsuguda,1939,797,1142,41.1
753003,Cuttack,1939,740,1199,38.2
754027,Cuttack,1931,987,944,51.1
768050,Bargarh,1930,968,962,50.2
763008,Koraput,1923,925,998,48.1
757051,Mayurbhanj,1918,1046,872,54.5
759123,Angul,1911,1002,909,52.4
752024,Nayagarh,1901,966,935,50.8
751012,Khordha,1898,750,1148,39.5
765021,Rayagada,1897,1029,868,54.2
754100,Cuttack,1894,897,997,47.4
758078,Keonjhar,1894,846,1048,44.7
762026,Boudh,1890,926,964,49.0
758023,Keonjhar,1887,802,1085,42.5
768227,Sambalpur,1885,850,1035,45.1
756111,Bhadrak,1883,1088,795,57.8
756123,Bhadrak,1877,1093,784,58.2
767066,Balangir,1869,845,1024,45.2
770002,Sundargarh,1868,918,950,49.1
757020,Mayurbhanj,1866,956,910,51.2
761103,Ganjam,1864,975,889,52.3
770043,Sundargarh,1859,733,1126,39.4
762020,Boudh,1852,959,893,51.8
756059,Balasore,1852,938,914,50.6
768119,Deogarh,1845,1000,845,54.2
754201,Cuttack,1845,1002,843,54.3
754135,Jagatsinghpur,1844,748,1096,40.6
756135,Bhadrak,1835,993,842,54.1
761209,Ganjam,1834,965,869,52.6
761019,Ganjam,1825,939,886,51.5
751021,Khordha,1817,636,1181,35.0
757024,Mayurbhanj,1814,764,1050,42.1
762106,Kandhamal,1810,918,892,50.7
755012,Jajpur,1806,811,995,44.9
768211,Jharsuguda,1792,1010,782,56.4
761132,Ganjam,1787,992,795,55.5
755015,Jajpur,1786,1023,763,57.3
756038,Balasore,1781,1046,735,58.7
758079,Keonjhar,1777,843,934,47.4
770022,Sundargarh,1771,827,944,46.7
757086,Mayurbhanj,1770,750,1020,42.4
756049,Balasore,1767,1136,631,64.3
768224,Sambalpur,1757,646,1111,36.8
757022,Mayurbhanj,1751,980,771,56.0
761215,Gajapati,1749,991,758,56.7
751010,Khordha,1748,710,1038,40.6
754007,Cuttack,1744,890,854,51.0
770031,Sundargarh,1742,727,1015,41.7
770038,Sundargarh,1738,796,942,45.8
758083,Keonjhar,1734,814,920,46.9
762109,Kandhamal,1733,826,907,47.7
752089,Nayagarh,1733,774,959,44.7
764020,Koraput,1733,950,783,54.8
770048,Sundargarh,1724,823,901,47.7
762029,Kandhamal,1712,802,910,46.8
757054,Mayurbhanj,1712,973,739,56.8
762001,Kandhamal,1708,881,827,51.6
754210,Kendrapara,1706,760,946,44.5
757084,Mayurbhanj,1704,842,862,49.4
761004,Ganjam,1688,841,847,49.8
751007,Khordha,1678,617,1061,36.8
754206,Cuttack,1669,977,692,58.5
762013,Boudh,1665,938,727,56.3
764081,Koraput,1651,837,814,50.7
755028,Jajpur,1650,651,999,39.5
768035,Bargarh,1645,852,793,51.8
768049,Bargarh,1645,796,849,48.4
754245,Kendrapara,1644,796,848,48.4
759105,Angul,1627,886,741,54.5
764087,Malkangiri,1622,930,692,57.3
768004,Sambalpur,1614,677,937,41.9
756113,Bhadrak,1608,864,744,53.7
759143,Angul,1599,898,701,56.2
765033,Rayagada,1596,937,659,58.7
769042,Sundargarh,1591,614,977,38.6
770034,Sundargarh,1587,839,748,52.9
754137,Jagatsinghpur,1585,850,735,53.6
756034,Balasore,1579,704,875,44.6
767048,Balangir,1578,843,735,53.4
754223,Kendrapara,1578,614,964,38.9
762024,Boudh,1573,789,784,50.2
752064,Khordha,1571,752,819,47.9
754111,Jagatsinghpur,1570,684,886,43.6
757105,Mayurbhanj,1560,560,1000,35.9
752013,Puri,1558,866,692,55.6
757017,Mayurbhanj,1550,598,952,38.6
761002,Ganjam,1544,858,686,55.6
755024,Jajpur,1543,775,768,50.2
759146,Dhenkanal,1543,885,658,57.4
752045,Puri,1539,765,774,49.7
766031,Kalahandi,1535,703,832,45.8
751017,Khordha,1530,613,917,40.1
768003,Sambalpur,1529,801,728,52.4
761201,Gajapati,1522,853,669,56.0
756060,Balasore,1521,657,864,43.2
756081,Balasore,1521,825,696,54.2
757082,Mayurbhanj,1512,790,722,52.2
756056,Balasore,1506,793,713,52.7
756162,Bhadrak,1501,806,695,53.7
752094,Nayagarh,1497,738,759,49.3
761041,Ganjam,1492,688,804,46.1
761122,Ganjam,1492,736,756,49.3
767030,Balangir,1489,770,719,51.7
757023,Mayurbhanj,1486,728,758,49.0
757074,Mayurbhanj,1485,650,835,43.8
752078,Nayagarh,1478,858,620,58.1
754024,Jajpur,1467,687,780,46.8
757073,Mayurbhanj,1465,838,627,57.2
769043,Sundargarh,1465,564,901,38.5
756163,Bhadrak,1463,730,733,49.9
757021,Mayurbhanj,1457,604,853,41.5
754107,Jagatsinghpur,1453,743,710,51.1
757055,Mayurbhanj,1451,638,813,44.0
756037,Balasore,1445,905,540,62.6
757093,Mayurbhanj,1442,668,774,46.3
752018,Khordha,1441,816,625,56.6
768220,Jharsuguda,1440,784,656,54.4
761100,Ganjam,1434,824,610,57.5
760010,Ganjam,1428,812,616,56.9
761143,Ganjam,1428,593,835,41.5
752060,Khordha,1426,712,714,49.9
761151,Ganjam,1426,686,740,48.1
755036,Jajpur,1426,769,657,53.9
754136,Jagatsinghpur,1425,650,775,45.6
769015,Sundargarh,1421,651,770,45.8
752082,Nayagarh,1417,768,649,54.2
751030,Khordha,1416,542,874,38.3
768113,Sambalpur,1410,773,637,54.8
761140,Ganjam,1406,769,637,54.7
758081,Keonjhar,1404,742,662,52.8
756122,Bhadrak,1404,921,483,65.6
756138,Bhadrak,1402,763,639,54.4
758017,Keonjhar,1399,633,766,45.2
761114,Ganjam,1390,640,750,46.0
770020,Sundargarh,1388,739,649,53.2
756079,Balasore,1387,701,686,50.5
756166,Balasore,1386,834,552,60.2
751016,Khordha,1383,568,815,41.1
761146,Ganjam,1379,811,568,58.8
757100,Mayurbhanj,1376,655,721,47.6
756080,Balasore,1375,688,687,50.0
769002,Sundargarh,1363,613,750,45.0
758038,Keonjhar,1359,572,787,42.1
767022,Balangir,1358,680,678,50.1
767061,Balangir,1341,776,565,57.9
755044,Jajpur,1335,757,578,56.7
755049,Jajpur,1334,549,785,41.2
758046,Keonjhar,1333,644,689,48.3
757101,Mayurbhanj,1333,599,734,44.9
761120,Ganjam,1332,668,664,50.2
752083,Nayagarh,1320,663,657,50.2
768102,Bargarh,1319,689,630,52.2
755001,Jajpur,1315,669,646,50.9
766028,Kalahandi,1312,600,712,45.7
761037,Ganjam,1308,656,652,50.2
761042,Ganjam,1307,745,562,57.0
754153,Kendrapara,1305,690,615,52.9
754296,Jajpur,1299,547,752,42.1
754218,Kendrapara,1292,630,662,48.8
756028,Balasore,1288,732,556,56.8
767041,Balangir,1283,647,636,50.4
768115,Bargarh,1278,544,734,42.6
757003,Mayurbhanj,1274,510,764,40.0
756128,Bhadrak,1270,795,475,62.6
752046,Puri,1267,670,597,52.9
754133,Jagatsinghpur,1264,587,677,46.4
761141,Ganjam,1261,540,721,42.8
753012,Cuttack,1256,505,751,40.2
758045,Keonjhar,1253,695,558,55.5
754109,Jagatsinghpur,1252,588,664,47.0
764046,Malkangiri,1250,893,357,71.4
761011,Ganjam,1244,585,659,47.0
754003,Cuttack,1244,634,610,51.0
751018,Khordha,1243,537,706,43.2
754006,Cuttack,1240,629,611,50.7
754239,Kendrapara,1236,600,636,48.5
766026,Kalahandi,1227,531,696,43.3
759145,Angul,1216,443,773,36.4
761126,Ganjam,1204,589,615,48.9
761144,Ganjam,1204,654,550,54.3
768017,Sambalpur,1202,640,562,53.2
756182,Balasore,1197,674,523,56.3
760007,Ganjam,1194,624,570,52.3
752119,Puri,1186,577,609,48.7
754293,Cuttack,1185,576,609,48.6
754222,Kendrapara,1184,632,552,53.4
760009,Ganjam,1178,699,479,59.3
761110,Ganjam,1176,631,545,53.7
770073,Sundargarh,1173,598,575,51.0
754018,Cuttack,1170,557,613,47.6
756137,Bhadrak,1163,625,538,53.7
770011,Sundargarh,1155,578,577,50.0
752069,Nayagarh,1152,531,621,46.1
768052,Bargarh,1131,494,637,43.7
752038,Khordha,1131,552,579,48.8
754082,Jajpur,1124,465,659,41.4
753009,Cuttack,1123,394,729,35.1
754002,Cuttack,1120,498,622,44.5
764041,Koraput,1110,506,604,45.6
756118,Bhadrak,1108,555,553,50.1
770024,Sundargarh,1104,527,577,47.7
758020,Keonjhar,1103,499,604,45.2
770001,Sundargarh,1092,610,482,55.9
757104,Mayurbhanj,1091,464,627,42.5
758002,Keonjhar,1091,577,514,52.9
767068,Subarnapur,1083,549,534,50.7
754240,Kendrapara,1080,557,523,51.6
769013,Sundargarh,1076,441,635,41.0
757002,Mayurbhanj,1076,346,730,32.2
764040,Koraput,1075,551,524,51.3
768121,Deogarh,1074,610,464,56.8
754010,Cuttack,1068,530,538,49.6
756085,Balasore,1065,662,403,62.2
751015,Khordha,1059,459,600,43.3
754294,Jagatsinghpur,1054,468,586,44.4
754203,Cuttack,1051,528,523,50.2
768111,Bargarh,1051,579,472,55.1
767021,Balangir,1048,631,417,60.2
762112,Kandhamal,1047,479,568,45.7
768016,Sambalpur,1045,594,451,56.8
768219,Jharsuguda,1039,517,522,49.8
759104,Angul,1036,596,440,57.5
768214,Sambalpur,1029,442,587,43.0
754142,Jagatsinghpur,1028,545,483,53.0
754216,Kendrapara,1026,527,499,51.4
768234,Jharsuguda,1022,559,463,54.7
754289,Kendrapara,1010,530,480,52.5
760008,Ganjam,997,548,449,55.0
762019,Kandhamal,994,380,614,38.2
754160,Jagatsinghpur,994,478,516,48.1
769007,Sundargarh,992,460,532,46.4
757083,Mayurbhanj,989,463,526,46.8
757102,Mayurbhanj,985,448,537,45.5
761043,Ganjam,984,533,451,54.2
754231,Kendrapara,977,390,587,39.9
762030,Boudh,976,202,774,20.7
752120,Puri,959,469,490,48.9
770023,Sundargarh,953,563,390,59.1
757081,Mayurbhanj,949,434,515,45.7
754244,Kendrapara,947,404,543,42.7
752118,Puri,943,471,472,49.9
759122,Angul,932,451,481,48.4
752057,Khordha,923,455,468,49.3
770019,Sundargarh,921,478,443,51.9
758082,Keonjhar,915,404,511,44.2
768048,Bargarh,914,415,499,45.4
759107,Angul,910,529,381,58.1
765024,Rayagada,905,502,403,55.5
761006,Ganjam,903,403,500,44.6
753010,Cuttack,900,325,575,36.1
768002,Sambalpur,899,414,485,46.1
751009,Khordha,895,369,526,41.2
761116,Ganjam,893,500,393,56.0
751020,Khordha,885,377,508,42.6
754290,Cuttack,882,517,365,58.6
756051,Balasore,868,576,292,66.4
757103,Mayurbhanj,867,326,541,37.6
757085,Mayurbhanj,864,431,433,49.9
768204,Jharsuguda,860,413,447,48.0
751025,Khordha,841,349,492,41.5
755010,Jajpur,832,443,389,53.2
765023,Rayagada,832,461,371,55.4
767046,Balangir,830,403,427,48.6
769014,Sundargarh,824,290,534,35.2
765018,Rayagada,815,476,339,58.4
768218,Jharsuguda,806,443,363,55.0
763001,Koraput,793,530,263,66.8
758037,Keonjhar,785,403,382,51.3
769016,Sundargarh,772,337,435,43.7
752121,Puri,769,447,322,58.1
754021,Cuttack,767,371,396,48.4
761210,Gajapati,766,418,348,54.6
752113,Puri,737,394,343,53.5
763003,Koraput,724,534,190,73.8
751014,Khordha,721,279,442,38.7
756022,Balasore,721,384,337,53.3
752022,Khordha,720,380,340,52.8
761133,Ganjam,718,397,321,55.3
752116,Puri,717,369,348,51.5
770072,Sundargarh,710,385,325,54.2
757031,Mayurbhanj,702,300,402,42.7
769009,Sundargarh,699,290,409,41.5
769005,Sundargarh,696,277,419,39.8
770013,Sundargarh,692,371,321,53.6
751022,Khordha,685,297,388,43.4
766016,Kalahandi,683,417,266,61.1
762027,Kandhamal,681,304,377,44.6
768203,Jharsuguda,677,388,289,57.3
770041,Sundargarh,676,285,391,42.2
768225,Jharsuguda,676,350,326,51.8
756055,Balasore,675,400,275,59.3
768215,Jharsuguda,674,319,355,47.3
761045,Ganjam,669,370,299,55.3
770021,Sundargarh,659,342,317,51.9
754228,Kendrapara,659,321,338,48.7
760004,Ganjam,648,351,297,54.2
764048,Malkangiri,645,325,320,50.4
756165,Bhadrak,637,261,376,41.0
758036,Keonjhar,629,333,296,52.9
762023,Boudh,623,333,290,53.5
764011,Koraput,622,390,232,62.7
756039,Balasore,622,399,223,64.1
770070,Sundargarh,613,322,291,52.5
759040,Angul,608,299,309,49.2
764006,Koraput,602,355,247,59.0
754162,Jagatsinghpur,597,315,282,52.8
757027,Mayurbhanj,591,305,286,51.6
763002,Koraput,574,414,160,72.1
761052,Ganjam,571,331,240,58.0
762022,Kandhamal,545,188,357,34.5
765034,Rayagada,542,306,236,56.5
754295,Cuttack,535,228,307,42.6
756139,Bhadrak,534,312,222,58.4
751029,Khordha,523,157,366,30.0
764085,Nabarangpur,520,195,325,37.5
770075,Sundargarh,514,292,222,56.8
770076,Sundargarh,510,248,262,48.6
770046,Sundargarh,507,242,265,47.7
754026,Cuttack,503,229,274,45.5
764042,Malkangiri,467,312,155,66.8
754120,Jagatsinghpur,447,258,189,57.7
768025,Sambalpur,447,252,195,56.4
769008,Sundargarh,432,188,244,43.5
756084,Balasore,427,210,217,49.2
769006,Sundargarh,403,181,222,44.9
756144,Bhadrak,397,203,194,51.1
768031,Bargarh,384,185,199,48.2
770052,Sundargarh,358,172,186,48.0
756167,Bhadrak,347,208,139,59.9
758026,Keonjhar,331,123,208,37.2
755050,Jajpur,331,179,152,54.1
768026,Sambalpur,330,182,148,55.2
754253,Kendrapara,323,187,136,57.9
752115,Khordha,322,189,133,58.7
768233,Jharsuguda,308,141,167,45.8
759116,Angul,305,130,175,42.6
755020,Jajpur,287,152,135,53.0
754071,Cuttack,279,128,151,45.9
764062,Rayagada,275,160,115,58.2
753013,Cuttack,273,98,175,35.9
758040,Keonjhar,254,105,149,41.3
754159,Jagatsinghpur,208,120,88,57.7
751031,Khordha,208,82,126,39.4
751023,Khordha,201,96,105,47.8
770042,Sundargarh,176,84,92,47.7
759148,Angul,137,68,69,49.6
751005,Khordha,122,59,63,48.4
760005,Ganjam,110,64,46,58.2
760020,Boudh,94,68,26,72.3
753006,Cuttack,93,43,50,46.2
769010,Sundargarh,90,26,64,28.9
759106,Angul,83,48,35,57.8
753007,Cuttack,83,29,54,34.9
751004,Khordha,76,30,46,39.5
768019,Sambalpur,71,38,33,53.5
768020,Sambalpur,70,44,26,62.9
759102,Angul,65,39,26,60.0
756018,Balasore,64,42,22,65.6
758052,Keonjhar,53,22,31,41.5
756053,Balasore,49,26,23,53.1
764004,Koraput,49,22,27,44.9
752003,Puri,48,26,22,54.2
767070,Balangir,44,7,37,15.9
754011,Cuttack,42,11,31,26.2
766032,Kalahandi,42,23,19,54.8
755031,Jajpur,42,13,29,31.0
759101,Angul,40,25,15,62.5
767042,Balangir,35,15,20,42.9
768018,Sambalpur,29,19,10,65.5
752037,Khordha,28,18,10,64.3
756086,Balasore,26,15,11,57.7
754145,Jagatsinghpur,25,7,18,28.0
754012,Khordha,25,6,19,24.0
766117,Nuapada,24,13,11,54.2
755033,Jajpur,23,3,20,13.0
755046,Jajpur,23,5,18,21.7
759037,Angul,23,14,9,60.9
751028,Khordha,23,8,15,34.8
769011,Sundargarh,22,6,16,27.3
754243,Kendrapara,21,5,16,23.8
754298,Cuttack,20,15,5,75.0
759147,Angul,18,12,6,66.7
751011,Khordha,16,10,6,62.5
755037,Jajpur,14,5,9,35.7
755039,Jajpur,14,7,7,50.0
755047,Jajpur,12,3,9,25.0
754251,Kendrapara,11,4,7,36.4
754143,Jagatsinghpur,11,6,5,54.5
763004,Koraput,10,6,4,60.0
754230,Kendrapara,9,6,3,66.7
754285,Cuttack,9,4,5,44.4
754229,Kendrapara,9,1,8,11.1
755032,Jajpur,9,0,9,0.0
754288,Cuttack,8,2,6,25.0
754034,Cuttack,8,3,5,37.5
758086,Keonjhar,6,0,6,0.0
752028,Khordha,6,0,6,0.0
759135,Angul,6,4,2,66.7
752087,Nayagarh,5,1,4,20.0
754118,Cuttack,5,1,4,20.0
752112,Puri,5,2,3,40.0
751008,Khordha,4,1,3,25.0
754297,Cuttack,4,3,1,75.0
767034,Subarnapur,3,1,2,33.3
754282,Cuttack,3,1,2,33.3
761025,Ganjam,3,1,2,33.3
764088,Nabarangpur,2,2,0,100.0
759111,Angul,2,2,0,100.0
754311,Kendrapara,2,0,2,0.0
755062,Jajpur,1,0,1,0.0
758085,Keonjhar,1,0,1,0.0
758084,Keonjhar,1,1,0,100.0
758087,Keonjhar,1,1,0,100.0
755045,Jajpur,1,0,1,0.0
754155,Jagatsinghpur,1,1,0,100.0
754286,Cuttack,1,1,0,100.0
