pincode,district,Total_Enrollments,Total_Demo_Updates,Total_Biometric,Demo_Rate,Bio_Rate,Bio_ZScore,Segment
751001,Khordha,81.0,653.0,2109.0,8.061728395061728,26.037037037037038,-0.22332588625233582,Exclusion Zone
751004,Khordha,4.0,38.0,76.0,9.5,19.0,-1.2234315791456445,Exclusion Zone
751005,Khordha,5.0,34.0,122.0,6.8,24.4,-1.2008025275602572,Exclusion Zone
751007,Khordha,71.0,419.0,1678.0,5.901408450704225,23.633802816901408,-0.4353502608893334,Exclusion Zone
751008,Khordha,1.0,6.0,4.0,6.0,4.0,-1.2588509642358157,Exclusion Zone
751009,Khordha,30.0,236.0,895.0,7.866666666666666,29.833333333333332,-0.8205360737449461,Exclusion Zone
751010,Khordha,68.0,603.0,1748.0,8.867647058823529,25.705882352941178,-0.4009147476072224,Exclusion Zone
751011,Khordha,0.0,9.0,16.0,0.0,0.0,-1.2529477333874537,Exclusion Zone
751012,Khordha,54.0,513.0,1898.0,9.5,35.148148148148145,-0.3271243620026989,Exclusion Zone
751013,Khordha,86.0,761.0,1976.0,8.848837209302326,22.976744186046513,-0.2887533614883466,Exclusion Zone
751014,Khordha,19.0,231.0,721.0,12.157894736842104,37.94736842105263,-0.9061329210461934,Exclusion Zone
751015,Khordha,45.0,375.0,1059.0,8.333333333333334,23.533333333333335,-0.7398585854840003,Exclusion Zone
751016,Khordha,59.0,512.0,1383.0,8.677966101694915,23.440677966101696,-0.5804713525782296,Exclusion Zone
751017,Khordha,56.0,448.0,1530.0,8.0,27.321428571428573,-0.5081567746857966,Exclusion Zone
751018,Khordha,55.0,536.0,1243.0,9.745454545454546,22.6,-0.6493423791424515,Exclusion Zone
751020,Khordha,37.0,330.0,885.0,8.91891891891892,23.91891891891892,-0.8254554327852476,Exclusion Zone
751021,Khordha,44.0,365.0,1817.0,8.295454545454545,41.29545454545455,-0.36697117022914155,Exclusion Zone
751022,Khordha,17.0,127.0,685.0,7.470588235294118,40.294117647058826,-0.923842613591279,Exclusion Zone
751023,Khordha,8.0,75.0,201.0,9.375,25.125,-1.1619395911418748,Exclusion Zone
751025,Khordha,25.0,330.0,841.0,13.2,33.64,-0.8471006125625745,Exclusion Zone
751028,Khordha,7.0,26.0,23.0,3.7142857142857144,3.2857142857142856,-1.2495041820592427,Exclusion Zone
751029,Khordha,51.0,462.0,523.0,9.058823529411764,10.254901960784315,-1.0035362300441644,Exclusion Zone
751030,Khordha,94.0,553.0,1416.0,5.882978723404255,15.063829787234043,-0.5642374677452344,Exclusion Zone
751031,Khordha,29.0,97.0,208.0,3.3448275862068964,7.172413793103448,-1.1584960398136637,Exclusion Zone
752003,Puri,10.0,42.0,48.0,4.2,4.8,-1.2372057844584887,Exclusion Zone
752013,Puri,55.0,434.0,1558.0,7.890909090909091,28.327272727272728,-0.49438256937295216,Exclusion Zone
752018,Khordha,52.0,437.0,1441.0,8.403846153846153,27.71153846153846,-0.5519390701444805,Exclusion Zone
752022,Khordha,44.0,335.0,720.0,7.613636363636363,16.363636363636363,-0.9066248569502234,Exclusion Zone
752024,Nayagarh,53.0,465.0,1901.0,8.773584905660377,35.867924528301884,-0.3256485542906084,Exclusion Zone
752028,Khordha,0.0,6.0,6.0,0.0,0.0,-1.2578670924277553,Exclusion Zone
752037,Khordha,6.0,30.0,28.0,5.0,4.666666666666667,-1.247044502539092,Exclusion Zone
752038,Khordha,46.0,317.0,1131.0,6.891304347826087,24.58695652173913,-0.7044392003938291,Exclusion Zone
752045,Puri,75.0,446.0,1539.0,5.946666666666666,20.52,-0.5037293515495251,Exclusion Zone
752046,Puri,76.0,639.0,1267.0,8.407894736842104,16.67105263157895,-0.6375359174457278,Exclusion Zone
752057,Khordha,68.0,203.0,923.0,2.985294117647059,13.573529411764707,-0.8067618684321016,Exclusion Zone
752060,Khordha,76.0,328.0,1426.0,4.315789473684211,18.763157894736842,-0.5593181087049328,Exclusion Zone
752064,Khordha,62.0,323.0,1571.0,5.209677419354839,25.338709677419356,-0.4879874026205601,Exclusion Zone
752069,Nayagarh,44.0,329.0,1152.0,7.4772727272727275,26.181818181818183,-0.6941085464091957,Exclusion Zone
752078,Nayagarh,59.0,539.0,1478.0,9.135593220338983,25.050847457627118,-0.5337374416953647,Exclusion Zone
752082,Nayagarh,77.0,590.0,1417.0,7.662337662337662,18.4025974025974,-0.5637455318412042,Exclusion Zone
752083,Nayagarh,62.0,564.0,1320.0,9.096774193548388,21.29032258064516,-0.6114633145321294,Exclusion Zone
752085,Nayagarh,96.0,820.0,1971.0,8.541666666666666,20.53125,-0.29121304100849743,Exclusion Zone
752087,Nayagarh,0.0,6.0,5.0,0.0,0.0,-1.2583590283317856,Exclusion Zone
752089,Nayagarh,71.0,625.0,1733.0,8.80281690140845,24.408450704225352,-0.40829378616767475,Exclusion Zone
752090,Nayagarh,84.0,634.0,1993.0,7.5476190476190474,23.726190476190474,-0.280390451119834,Exclusion Zone
752091,Nayagarh,74.0,776.0,2157.0,10.486486486486486,29.14864864864865,-0.1997129628588883,Exclusion Zone
752092,Nayagarh,72.0,509.0,2008.0,7.069444444444445,27.88888888888889,-0.27301141255938166,Exclusion Zone
752093,Nayagarh,90.0,614.0,2135.0,6.822222222222222,23.72222222222222,-0.21053555274755173,Exclusion Zone
752094,Nayagarh,82.0,627.0,1497.0,7.646341463414634,18.25609756097561,-0.5243906595187917,Exclusion Zone
752112,Puri,0.0,0.0,5.0,0.0,0.0,-1.2583590283317856,Exclusion Zone
752113,Puri,39.0,145.0,737.0,3.717948717948718,18.897435897435898,-0.8982619465817108,Exclusion Zone
752115,Khordha,13.0,71.0,322.0,5.461538461538462,24.76923076923077,-1.102415346754226,Exclusion Zone
752116,Puri,43.0,139.0,717.0,3.2325581395348837,16.674418604651162,-0.908100664662314,Exclusion Zone
752118,Puri,45.0,246.0,943.0,5.466666666666667,20.955555555555556,-0.7969231503514985,Exclusion Zone
752119,Puri,77.0,468.0,1186.0,6.077922077922078,15.402597402597403,-0.6773827256721705,Exclusion Zone
752120,Puri,27.0,198.0,959.0,7.333333333333333,35.51851851851852,-0.789052175887016,Exclusion Zone
752121,Puri,41.0,321.0,769.0,7.829268292682927,18.75609756097561,-0.8825199976527458,Exclusion Zone
753002,Cuttack,64.0,287.0,2027.0,4.484375,31.671875,-0.2636646303828087,Exclusion Zone
753003,Cuttack,83.0,568.0,1939.0,6.843373493975903,23.36144578313253,-0.30695498993746245,Exclusion Zone
753006,Cuttack,14.0,46.0,93.0,3.2857142857142856,6.642857142857143,-1.2150686687771317,Exclusion Zone
753007,Cuttack,13.0,39.0,83.0,3.0,6.384615384615385,-1.2199880278174333,Exclusion Zone
753008,Cuttack,67.0,268.0,2048.0,4.0,30.567164179104477,-0.2533339763981754,Exclusion Zone
753009,Cuttack,37.0,302.0,1123.0,8.162162162162161,30.35135135135135,-0.7083746876260704,Exclusion Zone
753010,Cuttack,49.0,153.0,900.0,3.122448979591837,18.367346938775512,-0.8180763942247953,Exclusion Zone
753012,Cuttack,55.0,334.0,1256.0,6.072727272727272,22.836363636363636,-0.6429472123900595,Exclusion Zone
753013,Cuttack,13.0,80.0,273.0,6.153846153846154,21.0,-1.1265202060517034,Exclusion Zone
754002,Cuttack,22.0,256.0,1120.0,11.636363636363637,50.90909090909091,-0.7098504953381608,Exclusion Zone
754003,Cuttack,55.0,435.0,1244.0,7.909090909090909,22.618181818181817,-0.6488504432384213,Exclusion Zone
754006,Cuttack,56.0,419.0,1240.0,7.482142857142857,22.142857142857142,-0.650818186854542,Exclusion Zone
754007,Cuttack,79.0,758.0,1744.0,9.594936708860759,22.075949367088608,-0.402882491223343,Exclusion Zone
754010,Cuttack,42.0,225.0,1068.0,5.357142857142857,25.428571428571427,-0.735431162347729,Exclusion Zone
754011,Cuttack,6.0,30.0,42.0,5.0,7.0,-1.2401573998826698,Exclusion Zone
754012,Khordha,3.0,10.0,25.0,3.3333333333333335,8.333333333333334,-1.2485203102511824,Exclusion Zone
754018,Cuttack,32.0,210.0,1170.0,6.5625,36.5625,-0.685253700136653,Exclusion Zone
754021,Cuttack,43.0,348.0,767.0,8.093023255813954,17.837209302325583,-0.8835038694608061,Exclusion Zone
754023,Jajpur,85.0,498.0,2067.0,5.858823529411764,24.31764705882353,-0.2439871942216024,Exclusion Zone
754024,Jajpur,66.0,544.0,1467.0,8.242424242424242,22.227272727272727,-0.5391487366396964,Exclusion Zone
754026,Cuttack,17.0,51.0,503.0,3.0,29.58823529411765,-1.0133749481247676,Exclusion Zone
754027,Cuttack,78.0,581.0,1931.0,7.448717948717949,24.756410256410255,-0.3108904771697037,Exclusion Zone
754034,Cuttack,5.0,1.0,8.0,0.2,1.6,-1.2568832206196952,Exclusion Zone
754071,Cuttack,15.0,99.0,279.0,6.6,18.6,-1.1235685906275226,Exclusion Zone
754082,Jajpur,36.0,414.0,1124.0,11.5,31.22222222222222,-0.7078827517220402,Exclusion Zone
754100,Cuttack,59.0,584.0,1894.0,9.898305084745763,32.101694915254235,-0.3290921056188195,Exclusion Zone
754105,Cuttack,51.0,597.0,2075.0,11.705882352941176,40.68627450980392,-0.24005170698936115,Exclusion Zone
754107,Jagatsinghpur,88.0,256.0,1453.0,2.909090909090909,16.511363636363637,-0.5460358392961187,Exclusion Zone
754109,Jagatsinghpur,74.0,411.0,1252.0,5.554054054054054,16.91891891891892,-0.6449149560061801,Exclusion Zone
754114,Jagatsinghpur,77.0,267.0,1960.0,3.4675324675324677,25.454545454545453,-0.29662433595282917,Exclusion Zone
754118,Cuttack,0.0,1.0,5.0,0.0,0.0,-1.2583590283317856,Exclusion Zone
754120,Jagatsinghpur,52.0,135.0,447.0,2.5961538461538463,8.596153846153847,-1.0409233587504563,Exclusion Zone
754133,Jagatsinghpur,94.0,226.0,1264.0,2.404255319148936,13.446808510638299,-0.6390117251578182,Exclusion Zone
754135,Jagatsinghpur,74.0,530.0,1844.0,7.162162162162162,24.91891891891892,-0.35368890082032733,Exclusion Zone
754136,Jagatsinghpur,91.0,280.0,1425.0,3.076923076923077,15.659340659340659,-0.559810044608963,Exclusion Zone
754142,Jagatsinghpur,74.0,461.0,1028.0,6.22972972972973,13.891891891891891,-0.7551085985089352,Exclusion Zone
754143,Jagatsinghpur,1.0,9.0,11.0,9.0,11.0,-1.2554074129076045,Exclusion Zone
754145,Jagatsinghpur,2.0,14.0,25.0,7.0,12.5,-1.2485203102511824,Exclusion Zone
754153,Kendrapara,74.0,346.0,1305.0,4.675675675675675,17.635135135135137,-0.6188423530925818,Exclusion Zone
754155,Jagatsinghpur,0.0,0.0,1.0,0.0,0.0,-1.260326771947906,Exclusion Zone
754159,Jagatsinghpur,3.0,22.0,208.0,7.333333333333333,69.33333333333333,-1.1584960398136637,Exclusion Zone
754162,Jagatsinghpur,30.0,177.0,597.0,5.9,19.9,-0.9671329731459327,Exclusion Zone
754201,Cuttack,78.0,736.0,1845.0,9.435897435897436,23.653846153846153,-0.3531969649162972,Exclusion Zone
754203,Cuttack,33.0,408.0,1051.0,12.363636363636363,31.848484848484848,-0.7437940727162416,Exclusion Zone
754206,Cuttack,72.0,265.0,1669.0,3.6805555555555554,23.180555555555557,-0.43977768402560474,Exclusion Zone
754210,Kendrapara,77.0,632.0,1706.0,8.207792207792208,22.155844155844157,-0.421576055576489,Exclusion Zone
754216,Kendrapara,66.0,531.0,1026.0,8.045454545454545,15.545454545454545,-0.7560924703169956,Exclusion Zone
754218,Kendrapara,56.0,528.0,1292.0,9.428571428571429,23.071428571428573,-0.6252375198449739,Exclusion Zone
754223,Kendrapara,55.0,625.0,1578.0,11.363636363636363,28.69090909090909,-0.484543851292349,Exclusion Zone
754228,Kendrapara,28.0,249.0,659.0,8.892857142857142,23.535714285714285,-0.936632947096063,Exclusion Zone
754229,Kendrapara,3.0,2.0,9.0,0.6666666666666666,3.0,-1.2563912847156649,Exclusion Zone
754230,Kendrapara,0.0,2.0,9.0,0.0,0.0,-1.2563912847156649,Exclusion Zone
754231,Kendrapara,50.0,171.0,977.0,3.42,19.54,-0.7801973296144732,Exclusion Zone
754239,Kendrapara,49.0,198.0,1236.0,4.040816326530612,25.224489795918366,-0.6527859304706626,Exclusion Zone
754240,Kendrapara,56.0,473.0,1080.0,8.446428571428571,19.285714285714285,-0.729527931499367,Exclusion Zone
754243,Kendrapara,0.0,12.0,21.0,0.0,0.0,-1.250488053867303,Exclusion Zone
754244,Kendrapara,45.0,414.0,947.0,9.2,21.044444444444444,-0.7949554067353779,Exclusion Zone
754245,Kendrapara,96.0,680.0,1644.0,7.083333333333333,17.125,-0.4520760816263587,Exclusion Zone
754251,Kendrapara,0.0,15.0,11.0,0.0,0.0,-1.2554074129076045,Exclusion Zone
754253,Kendrapara,22.0,182.0,323.0,8.272727272727273,14.681818181818182,-1.1019234108501956,Exclusion Zone
754282,Cuttack,0.0,3.0,3.0,0.0,0.0,-1.2593429001398457,Exclusion Zone
754285,Cuttack,1.0,4.0,9.0,4.0,9.0,-1.2563912847156649,Exclusion Zone
754286,Cuttack,0.0,0.0,1.0,0.0,0.0,-1.260326771947906,Exclusion Zone
754288,Cuttack,1.0,6.0,8.0,6.0,8.0,-1.2568832206196952,Exclusion Zone
754289,Kendrapara,34.0,364.0,1010.0,10.705882352941176,29.705882352941178,-0.763963444781478,Exclusion Zone
754290,Cuttack,39.0,335.0,882.0,8.58974358974359,22.615384615384617,-0.8269312404973381,Exclusion Zone
754293,Cuttack,45.0,435.0,1185.0,9.666666666666666,26.333333333333332,-0.6778746615762006,Exclusion Zone
754294,Jagatsinghpur,41.0,253.0,1054.0,6.170731707317073,25.70731707317073,-0.7423182650041511,Exclusion Zone
754295,Cuttack,24.0,109.0,535.0,4.541666666666667,22.291666666666668,-0.9976329991958025,Exclusion Zone
754296,Jajpur,57.0,368.0,1299.0,6.456140350877193,22.789473684210527,-0.6217939685167627,Exclusion Zone
754297,Cuttack,0.0,3.0,4.0,0.0,0.0,-1.2588509642358157,Exclusion Zone
754298,Cuttack,6.0,6.0,20.0,1.0,3.3333333333333335,-1.2509799897713332,Exclusion Zone
754311,Kendrapara,0.0,0.0,2.0,0.0,0.0,-1.259834836043876,Exclusion Zone
755001,Jajpur,91.0,625.0,1315.0,6.868131868131868,14.45054945054945,-0.6139229940522802,Exclusion Zone
755010,Jajpur,41.0,211.0,832.0,5.146341463414634,20.29268292682927,-0.8515280356988459,Exclusion Zone
755012,Jajpur,90.0,719.0,1806.0,7.988888888888889,20.066666666666666,-0.3723824651734733,Exclusion Zone
755015,Jajpur,93.0,751.0,1786.0,8.075268817204302,19.204301075268816,-0.38222118325407645,Exclusion Zone
755020,Jajpur,23.0,107.0,287.0,4.6521739130434785,12.478260869565217,-1.1196331033952813,Exclusion Zone
755024,Jajpur,56.0,606.0,1543.0,10.821428571428571,27.553571428571427,-0.5017616079334045,Exclusion Zone
755028,Jajpur,80.0,610.0,1650.0,7.625,20.625,-0.4491244662021777,Exclusion Zone
755031,Jajpur,0.0,25.0,42.0,0.0,0.0,-1.2401573998826698,Exclusion Zone
755032,Jajpur,0.0,8.0,9.0,0.0,0.0,-1.2563912847156649,Exclusion Zone
755033,Jajpur,0.0,20.0,23.0,0.0,0.0,-1.2495041820592427,Exclusion Zone
755036,Jajpur,77.0,519.0,1426.0,6.740259740259741,18.51948051948052,-0.5593181087049328,Exclusion Zone
755037,Jajpur,0.0,10.0,14.0,0.0,0.0,-1.253931605195514,Exclusion Zone
755039,Jajpur,0.0,11.0,14.0,0.0,0.0,-1.253931605195514,Exclusion Zone
755041,Jajpur,0.0,1.0,0.0,0.0,0.0,-1.2608187078519364,Exclusion Zone
755044,Jajpur,83.0,334.0,1335.0,4.024096385542169,16.08433734939759,-0.6040842759716771,Exclusion Zone
755045,Jajpur,0.0,0.0,1.0,0.0,0.0,-1.260326771947906,Exclusion Zone
755046,Jajpur,0.0,13.0,23.0,0.0,0.0,-1.2495041820592427,Exclusion Zone
755047,Jajpur,0.0,3.0,12.0,0.0,0.0,-1.2549154770035744,Exclusion Zone
755049,Jajpur,43.0,366.0,1334.0,8.511627906976743,31.023255813953487,-0.6045762118757072,Exclusion Zone
755050,Jajpur,20.0,74.0,331.0,3.7,16.55,-1.0979879236179544,Exclusion Zone
755062,Jajpur,0.0,1.0,1.0,0.0,0.0,-1.260326771947906,Exclusion Zone
756018,Balasore,7.0,35.0,64.0,5.0,9.142857142857142,-1.2293348099940062,Exclusion Zone
756021,Balasore,95.0,702.0,1964.0,7.389473684210526,20.673684210526314,-0.29465659233670854,Exclusion Zone
756022,Balasore,33.0,163.0,721.0,4.9393939393939394,21.848484848484848,-0.9061329210461934,Exclusion Zone
756028,Balasore,69.0,632.0,1288.0,9.159420289855072,18.666666666666668,-0.6272052634610945,Exclusion Zone
756034,Balasore,79.0,393.0,1579.0,4.974683544303797,19.9873417721519,-0.4840519153883189,Exclusion Zone
756037,Balasore,58.0,515.0,1445.0,8.879310344827585,24.913793103448278,-0.5499713265283599,Exclusion Zone
756039,Balasore,30.0,242.0,622.0,8.066666666666666,20.733333333333334,-0.9548345755451788,Exclusion Zone
756048,Balasore,74.0,658.0,1989.0,8.891891891891891,26.87837837837838,-0.28235819473595464,Exclusion Zone
756049,Balasore,85.0,685.0,1767.0,8.058823529411764,20.788235294117648,-0.3915679654306494,Exclusion Zone
756051,Balasore,31.0,245.0,868.0,7.903225806451613,28.0,-0.8338183431537602,Exclusion Zone
756053,Balasore,8.0,40.0,49.0,5.0,6.125,-1.2367138485544587,Exclusion Zone
756055,Balasore,30.0,298.0,675.0,9.933333333333334,22.5,-0.9287619726315806,Exclusion Zone
756059,Balasore,91.0,567.0,1852.0,6.230769230769231,20.35164835164835,-0.3497534135880861,Exclusion Zone
756060,Balasore,77.0,383.0,1521.0,4.974025974025974,19.753246753246753,-0.512584197822068,Exclusion Zone
756079,Balasore,60.0,383.0,1387.0,6.383333333333334,23.116666666666667,-0.578503608962109,Exclusion Zone
756080,Balasore,84.0,433.0,1375.0,5.154761904761905,16.36904761904762,-0.5844068398104708,Exclusion Zone
756084,Balasore,22.0,113.0,427.0,5.136363636363637,19.40909090909091,-1.0507620768310595,Exclusion Zone
756085,Balasore,44.0,513.0,1065.0,11.659090909090908,24.204545454545453,-0.7369069700598194,Exclusion Zone
756086,Balasore,3.0,30.0,26.0,10.0,8.666666666666666,-1.2480283743471523,Exclusion Zone
756088,Balasore,0.0,1.0,0.0,0.0,0.0,-1.2608187078519364,Exclusion Zone
756111,Bhadrak,77.0,672.0,1883.0,8.727272727272727,24.454545454545453,-0.33450340056315125,Exclusion Zone
756113,Bhadrak,58.0,504.0,1608.0,8.689655172413794,27.724137931034484,-0.46978577417144435,Exclusion Zone
756118,Bhadrak,71.0,476.0,1108.0,6.704225352112676,15.605633802816902,-0.7157537261865227,Exclusion Zone
756122,Bhadrak,81.0,481.0,1404.0,5.938271604938271,17.333333333333332,-0.5701406985935963,Exclusion Zone
756123,Bhadrak,57.0,584.0,1877.0,10.24561403508772,32.92982456140351,-0.3374550159873322,Exclusion Zone
756124,Bhadrak,96.0,643.0,2079.0,6.697916666666667,21.65625,-0.2380839633732405,Exclusion Zone
756128,Bhadrak,53.0,360.0,1270.0,6.7924528301886795,23.962264150943398,-0.6360601097336372,Exclusion Zone
756134,Balasore,89.0,773.0,2177.0,8.685393258426966,24.46067415730337,-0.18987424477828516,Exclusion Zone
756135,Bhadrak,87.0,608.0,1835.0,6.988505747126437,21.091954022988507,-0.35811632395659876,Exclusion Zone
756137,Bhadrak,42.0,280.0,1163.0,6.666666666666667,27.69047619047619,-0.688697251464864,Exclusion Zone
756138,Bhadrak,66.0,426.0,1402.0,6.454545454545454,21.242424242424242,-0.5711245704016567,Exclusion Zone
756139,Bhadrak,34.0,203.0,534.0,5.970588235294118,15.705882352941176,-0.9981249350998326,Exclusion Zone
756144,Bhadrak,24.0,91.0,397.0,3.7916666666666665,16.541666666666668,-1.065520153951964,Exclusion Zone
756162,Bhadrak,48.0,433.0,1501.0,9.020833333333334,31.270833333333332,-0.5224229159026711,Exclusion Zone
756163,Bhadrak,82.0,603.0,1463.0,7.353658536585366,17.841463414634145,-0.541116480255817,Exclusion Zone
756165,Bhadrak,27.0,108.0,637.0,4.0,23.59259259259259,-0.9474555369847265,Exclusion Zone
756166,Balasore,60.0,502.0,1386.0,8.366666666666667,23.1,-0.5789955448661391,Exclusion Zone
756167,Bhadrak,30.0,85.0,347.0,2.8333333333333335,11.566666666666666,-1.090116949153472,Exclusion Zone
756182,Balasore,41.0,276.0,1197.0,6.7317073170731705,29.195121951219512,-0.6719714307278387,Exclusion Zone
757002,Mayurbhanj,35.0,476.0,1076.0,13.6,30.742857142857144,-0.7314956751154876,Exclusion Zone
757003,Mayurbhanj,28.0,528.0,1274.0,18.857142857142858,45.5,-0.6340923661175166,Exclusion Zone
757016,Mayurbhanj,96.0,808.0,2048.0,8.416666666666666,21.333333333333332,-0.2533339763981754,Exclusion Zone
757017,Mayurbhanj,62.0,522.0,1550.0,8.419354838709678,25.0,-0.4983180566051934,Exclusion Zone
757021,Mayurbhanj,68.0,445.0,1457.0,6.544117647058823,21.426470588235293,-0.544068095679998,Exclusion Zone
757023,Mayurbhanj,81.0,605.0,1486.0,7.469135802469136,18.34567901234568,-0.5298019544631234,Exclusion Zone
757024,Mayurbhanj,78.0,437.0,1814.0,5.602564102564102,23.256410256410255,-0.36844697794123205,Exclusion Zone
757027,Mayurbhanj,22.0,136.0,591.0,6.181818181818182,26.863636363636363,-0.9700845885701137,Exclusion Zone
757028,Mayurbhanj,73.0,805.0,2178.0,11.027397260273972,29.835616438356166,-0.189382308874255,Exclusion Zone
757031,Mayurbhanj,26.0,263.0,702.0,10.115384615384615,27.0,-0.9154797032227663,Exclusion Zone
757051,Mayurbhanj,83.0,589.0,1918.0,7.096385542168675,23.10843373493976,-0.31728564392209574,Exclusion Zone
757055,Mayurbhanj,66.0,527.0,1451.0,7.984848484848484,21.984848484848484,-0.5470197111041789,Exclusion Zone
757073,Mayurbhanj,73.0,565.0,1465.0,7.739726027397261,20.068493150684933,-0.5401326084477567,Exclusion Zone
757074,Mayurbhanj,57.0,571.0,1485.0,10.017543859649123,26.05263157894737,-0.5302938903671536,Exclusion Zone
757081,Mayurbhanj,48.0,398.0,949.0,8.291666666666666,19.770833333333332,-0.7939715349273175,Exclusion Zone
757082,Mayurbhanj,73.0,667.0,1512.0,9.136986301369863,20.71232876712329,-0.5170116209583394,Exclusion Zone
757083,Mayurbhanj,44.0,246.0,989.0,5.590909090909091,22.477272727272727,-0.7742940987661113,Exclusion Zone
757084,Mayurbhanj,83.0,476.0,1704.0,5.734939759036145,20.53012048192771,-0.4225599273845493,Exclusion Zone
757085,Mayurbhanj,62.0,222.0,864.0,3.5806451612903225,13.935483870967742,-0.8357860867698809,Exclusion Zone
757086,Mayurbhanj,65.0,381.0,1770.0,5.861538461538461,27.23076923076923,-0.39009215771855893,Exclusion Zone
757093,Mayurbhanj,74.0,475.0,1442.0,6.418918918918919,19.486486486486488,-0.5514471342404503,Exclusion Zone
757100,Mayurbhanj,54.0,518.0,1376.0,9.592592592592593,25.48148148148148,-0.5839149039064406,Exclusion Zone
757101,Mayurbhanj,51.0,308.0,1333.0,6.03921568627451,26.137254901960784,-0.6050681477797374,Exclusion Zone
757102,Mayurbhanj,53.0,447.0,985.0,8.433962264150944,18.58490566037736,-0.776261842382232,Exclusion Zone
757103,Mayurbhanj,23.0,170.0,867.0,7.391304347826087,37.69565217391305,-0.8343102790577904,Exclusion Zone
757104,Mayurbhanj,66.0,374.0,1091.0,5.666666666666667,16.53030303030303,-0.7241166365550353,Exclusion Zone
757105,Mayurbhanj,74.0,581.0,1560.0,7.851351351351352,21.08108108108108,-0.49339869756489185,Exclusion Zone
757106,Mayurbhanj,80.0,561.0,2054.0,7.0125,25.675,-0.2503823609739944,Exclusion Zone
757107,Mayurbhanj,81.0,742.0,2017.0,9.160493827160494,24.901234567901234,-0.26858398942311024,Exclusion Zone
758001,Keonjhar,94.0,991.0,2151.0,10.542553191489361,22.882978723404257,-0.20266457828306922,Exclusion Zone
758002,Keonjhar,55.0,469.0,1091.0,8.527272727272727,19.836363636363636,-0.7241166365550353,Exclusion Zone
758017,Keonjhar,81.0,650.0,1399.0,8.024691358024691,17.271604938271604,-0.5726003781137471,Exclusion Zone
758020,Keonjhar,61.0,617.0,1103.0,10.114754098360656,18.081967213114755,-0.7182134057066735,Exclusion Zone
758026,Keonjhar,23.0,71.0,331.0,3.0869565217391304,14.391304347826088,-1.0979879236179544,Exclusion Zone
758036,Keonjhar,24.0,187.0,629.0,7.791666666666667,26.208333333333332,-0.9513910242169678,Exclusion Zone
758037,Keonjhar,23.0,284.0,785.0,12.347826086956522,34.130434782608695,-0.8746490231882633,Exclusion Zone
758040,Keonjhar,24.0,83.0,254.0,3.4583333333333335,10.583333333333334,-1.1358669882282766,Exclusion Zone
758045,Keonjhar,77.0,581.0,1253.0,7.545454545454546,16.272727272727273,-0.6444230201021499,Exclusion Zone
758046,Keonjhar,77.0,746.0,1333.0,9.688311688311689,17.31168831168831,-0.6050681477797374,Exclusion Zone
758052,Keonjhar,2.0,21.0,53.0,10.5,26.5,-1.234746104938338,Exclusion Zone
758078,Keonjhar,96.0,645.0,1894.0,6.71875,19.729166666666668,-0.3290921056188195,Exclusion Zone
758079,Keonjhar,95.0,1089.0,1777.0,11.463157894736842,18.705263157894738,-0.3866486063903478,Exclusion Zone
758082,Keonjhar,56.0,287.0,915.0,5.125,16.339285714285715,-0.8106973556643429,Exclusion Zone
758083,Keonjhar,92.0,635.0,1734.0,6.9021739130434785,18.847826086956523,-0.40780185026364457,Exclusion Zone
758084,Keonjhar,0.0,0.0,1.0,0.0,0.0,-1.260326771947906,Exclusion Zone
758085,Keonjhar,0.0,0.0,1.0,0.0,0.0,-1.260326771947906,Exclusion Zone
758086,Keonjhar,5.0,26.0,6.0,5.2,1.2,-1.2578670924277553,Exclusion Zone
758087,Keonjhar,0.0,5.0,1.0,0.0,0.0,-1.260326771947906,Exclusion Zone
759001,Dhenkanal,68.0,458.0,2047.0,6.735294117647059,30.102941176470587,-0.2538259123022055,Exclusion Zone
759024,Dhenkanal,68.0,846.0,2108.0,12.441176470588236,31.0,-0.22381782215636598,Exclusion Zone
759029,Angul,0.0,1.0,0.0,0.0,0.0,-1.2608187078519364,Exclusion Zone
759037,Angul,0.0,17.0,23.0,0.0,0.0,-1.2495041820592427,Exclusion Zone
759040,Angul,25.0,111.0,608.0,4.44,24.32,-0.961721678201601,Exclusion Zone
759101,Angul,2.0,13.0,40.0,6.5,20.0,-1.24114127169073,Exclusion Zone
759102,Angul,9.0,46.0,65.0,5.111111111111111,7.222222222222222,-1.2288428740899762,Exclusion Zone
759104,Angul,44.0,384.0,1036.0,8.727272727272727,23.545454545454547,-0.751173111276694,Exclusion Zone
759105,Angul,82.0,692.0,1627.0,8.439024390243903,19.841463414634145,-0.4604389919948713,Exclusion Zone
759106,Angul,8.0,36.0,83.0,4.5,10.375,-1.2199880278174333,Exclusion Zone
759107,Angul,39.0,268.0,910.0,6.871794871794871,23.333333333333332,-0.8131570351844937,Exclusion Zone
759111,Angul,0.0,6.0,2.0,0.0,0.0,-1.259834836043876,Exclusion Zone
759116,Angul,13.0,93.0,305.0,7.153846153846154,23.46153846153846,-1.1107782571227385,Exclusion Zone
759122,Angul,52.0,545.0,932.0,10.48076923076923,17.923076923076923,-0.8023344452958302,Exclusion Zone
759135,Angul,0.0,1.0,6.0,0.0,0.0,-1.2578670924277553,Exclusion Zone
759143,Angul,94.0,688.0,1599.0,7.319148936170213,17.01063829787234,-0.4742131973077157,Exclusion Zone
759145,Angul,51.0,230.0,1216.0,4.509803921568627,23.84313725490196,-0.6626246485512658,Exclusion Zone
759146,Dhenkanal,63.0,352.0,1543.0,5.587301587301587,24.49206349206349,-0.5017616079334045,Exclusion Zone
759147,Angul,0.0,6.0,18.0,0.0,0.0,-1.2519638615793935,Exclusion Zone
759148,Angul,9.0,66.0,137.0,7.333333333333333,15.222222222222221,-1.1934234889998048,Exclusion Zone
760004,Ganjam,21.0,251.0,648.0,11.952380952380953,30.857142857142858,-0.9420442420403947,Exclusion Zone
760005,Ganjam,4.0,93.0,110.0,23.25,27.5,-1.2067057584086192,Exclusion Zone
760006,Ganjam,80.0,951.0,2027.0,11.8875,25.3375,-0.2636646303828087,Exclusion Zone
760007,Ganjam,52.0,475.0,1194.0,9.134615384615385,22.96153846153846,-0.6734472384399292,Exclusion Zone
760008,Ganjam,40.0,668.0,997.0,16.7,24.925,-0.7703586115338701,Exclusion Zone
760009,Ganjam,47.0,662.0,1178.0,14.085106382978724,25.06382978723404,-0.6813182129044117,Exclusion Zone
760010,Ganjam,74.0,626.0,1428.0,8.45945945945946,19.2972972972973,-0.5583342368968726,Exclusion Zone
760020,Boudh,3.0,29.0,94.0,9.666666666666666,31.333333333333332,-1.2145767328731016,Exclusion Zone
761002,Ganjam,79.0,681.0,1544.0,8.620253164556962,19.544303797468356,-0.5012696720293743,Exclusion Zone
761004,Ganjam,56.0,851.0,1688.0,15.196428571428571,30.142857142857142,-0.43043090184903177,Exclusion Zone
761006,Ganjam,29.0,480.0,903.0,16.551724137931036,31.137931034482758,-0.8166005865127048,Exclusion Zone
761011,Ganjam,56.0,336.0,1244.0,6.0,22.214285714285715,-0.6488504432384213,Exclusion Zone
761019,Ganjam,51.0,642.0,1825.0,12.588235294117647,35.78431372549019,-0.3630356829969003,Exclusion Zone
761025,Ganjam,0.0,2.0,3.0,0.0,0.0,-1.2593429001398457,Exclusion Zone
761037,Ganjam,40.0,495.0,1308.0,12.375,32.7,-0.6173665453804913,Exclusion Zone
761040,Ganjam,0.0,3.0,0.0,0.0,0.0,-1.2608187078519364,Exclusion Zone
761041,Ganjam,61.0,735.0,1492.0,12.049180327868852,24.459016393442624,-0.5268503390389425,Exclusion Zone
761042,Ganjam,37.0,365.0,1307.0,9.864864864864865,35.32432432432432,-0.6178584812845215,Exclusion Zone
761043,Ganjam,42.0,240.0,984.0,5.714285714285714,23.428571428571427,-0.7767537782862621,Exclusion Zone
761045,Ganjam,43.0,275.0,669.0,6.395348837209302,15.55813953488372,-0.9317135880557614,Exclusion Zone
761052,Ganjam,41.0,338.0,571.0,8.24390243902439,13.926829268292684,-0.9799233066507168,Exclusion Zone
761054,Ganjam,62.0,1031.0,2125.0,16.629032258064516,34.274193548387096,-0.2154549117878533,Exclusion Zone
761100,Ganjam,62.0,760.0,1434.0,12.258064516129032,23.129032258064516,-0.5553826214726916,Exclusion Zone
761103,Ganjam,66.0,805.0,1864.0,12.196969696969697,28.242424242424242,-0.34385018273972423,Exclusion Zone
761110,Ganjam,44.0,544.0,1176.0,12.363636363636363,26.727272727272727,-0.682302084712472,Exclusion Zone
761114,Ganjam,45.0,342.0,1390.0,7.6,30.88888888888889,-0.5770278012500185,Exclusion Zone
761115,Ganjam,88.0,858.0,1952.0,9.75,22.181818181818183,-0.3005598231850704,Exclusion Zone
761116,Ganjam,51.0,435.0,893.0,8.529411764705882,17.50980392156863,-0.8215199455530063,Exclusion Zone
761120,Ganjam,67.0,660.0,1332.0,9.850746268656716,19.880597014925375,-0.6055600836837676,Exclusion Zone
761122,Ganjam,59.0,323.0,1492.0,5.47457627118644,25.28813559322034,-0.5268503390389425,Exclusion Zone
761125,Ganjam,96.0,766.0,2046.0,7.979166666666667,21.3125,-0.2543178482062357,Exclusion Zone
761126,Ganjam,61.0,587.0,1204.0,9.62295081967213,19.737704918032787,-0.6685278793996277,Exclusion Zone
761132,Ganjam,70.0,637.0,1787.0,9.1,25.52857142857143,-0.38172924735004626,Exclusion Zone
761133,Ganjam,28.0,283.0,718.0,10.107142857142858,25.642857142857142,-0.9076087287582838,Exclusion Zone
761140,Ganjam,49.0,661.0,1406.0,13.489795918367347,28.693877551020407,-0.569156826785536,Exclusion Zone
761141,Ganjam,50.0,355.0,1261.0,7.1,25.22,-0.6404875328699087,Exclusion Zone
761143,Ganjam,67.0,585.0,1428.0,8.73134328358209,21.313432835820894,-0.5583342368968726,Exclusion Zone
761144,Ganjam,41.0,588.0,1204.0,14.341463414634147,29.365853658536587,-0.6685278793996277,Exclusion Zone
761146,Ganjam,81.0,572.0,1379.0,7.061728395061729,17.02469135802469,-0.5824390961943502,Exclusion Zone
761151,Ganjam,77.0,455.0,1426.0,5.909090909090909,18.51948051948052,-0.5593181087049328,Exclusion Zone
761200,Gajapati,58.0,861.0,2092.0,14.844827586206897,36.06896551724138,-0.2316887966208485,Exclusion Zone
761201,Gajapati,44.0,540.0,1522.0,12.272727272727273,34.59090909090909,-0.5120922619180378,Exclusion Zone
761210,Gajapati,15.0,260.0,766.0,17.333333333333332,51.06666666666667,-0.8839958053648362,Exclusion Zone
761211,Gajapati,67.0,738.0,2044.0,11.014925373134329,30.507462686567163,-0.255301720014296,Exclusion Zone
761215,Gajapati,56.0,530.0,1749.0,9.464285714285714,31.232142857142858,-0.4004228117031922,Exclusion Zone
762001,Kandhamal,72.0,489.0,1708.0,6.791666666666667,23.72222222222222,-0.42059218376842866,Exclusion Zone
762010,Kandhamal,81.0,706.0,2056.0,8.716049382716049,25.382716049382715,-0.24939848916593413,Exclusion Zone
762019,Kandhamal,41.0,286.0,994.0,6.975609756097561,24.24390243902439,-0.7718344192459605,Exclusion Zone
762022,Kandhamal,14.0,205.0,545.0,14.642857142857142,38.92857142857143,-0.9927136401555009,Exclusion Zone
762023,Boudh,61.0,201.0,623.0,3.2950819672131146,10.21311475409836,-0.9543426396411486,Exclusion Zone
762027,Kandhamal,42.0,224.0,681.0,5.333333333333333,16.214285714285715,-0.9258103572073996,Exclusion Zone
762029,Kandhamal,93.0,868.0,1712.0,9.333333333333334,18.408602150537636,-0.41862444015230804,Exclusion Zone
762030,Boudh,37.0,212.0,976.0,5.72972972972973,26.37837837837838,-0.7806892655185034,Exclusion Zone
762106,Kandhamal,86.0,798.0,1810.0,9.279069767441861,21.046511627906977,-0.37041472155735267,Exclusion Zone
762112,Kandhamal,53.0,439.0,1047.0,8.283018867924529,19.754716981132077,-0.7457618163323623,Exclusion Zone
763001,Koraput,21.0,140.0,793.0,6.666666666666667,37.76190476190476,-0.8707135359560221,Exclusion Zone
763002,Koraput,20.0,148.0,574.0,7.4,28.7,-0.9784474989386264,Exclusion Zone
763003,Koraput,20.0,132.0,724.0,6.6,36.2,-0.9046571133341028,Exclusion Zone
763004,Koraput,1.0,10.0,10.0,10.0,10.0,-1.2558993488116348,Exclusion Zone
763008,Koraput,44.0,641.0,1923.0,14.568181818181818,43.70454545454545,-0.31482596440194494,Exclusion Zone
764004,Koraput,6.0,62.0,49.0,10.333333333333334,8.166666666666666,-1.2367138485544587,Exclusion Zone
764006,Koraput,32.0,149.0,602.0,4.65625,18.8125,-0.9646732936257819,Exclusion Zone
764011,Koraput,21.0,139.0,622.0,6.619047619047619,29.61904761904762,-0.9548345755451788,Exclusion Zone
764020,Koraput,59.0,853.0,1733.0,14.457627118644067,29.372881355932204,-0.40829378616767475,Exclusion Zone
764040,Koraput,59.0,416.0,1075.0,7.0508474576271185,18.220338983050848,-0.7319876110195178,Exclusion Zone
764041,Koraput,76.0,422.0,1110.0,5.552631578947368,14.605263157894736,-0.7147698543784624,Exclusion Zone
764042,Malkangiri,28.0,100.0,467.0,3.5714285714285716,16.678571428571427,-1.031084640669853,Exclusion Zone
764046,Malkangiri,77.0,215.0,1250.0,2.792207792207792,16.233766233766232,-0.6458988278142405,Exclusion Zone
764048,Malkangiri,21.0,167.0,645.0,7.9523809523809526,30.714285714285715,-0.9435200497524853,Exclusion Zone
764062,Rayagada,9.0,67.0,275.0,7.444444444444445,30.555555555555557,-1.1255363342436433,Exclusion Zone
764081,Koraput,58.0,549.0,1651.0,9.46551724137931,28.46551724137931,-0.4486325302981476,Exclusion Zone
764085,Nabarangpur,60.0,176.0,520.0,2.933333333333333,8.666666666666666,-1.0050120377562548,Exclusion Zone
764088,Nabarangpur,0.0,2.0,2.0,0.0,0.0,-1.259834836043876,Exclusion Zone
765021,Rayagada,85.0,759.0,1897.0,8.929411764705883,22.31764705882353,-0.327616297906729,Exclusion Zone
765023,Rayagada,81.0,445.0,832.0,5.493827160493828,10.271604938271604,-0.8515280356988459,Exclusion Zone
765024,Rayagada,65.0,447.0,905.0,6.876923076923077,13.923076923076923,-0.8156167147046445,Exclusion Zone
765033,Rayagada,56.0,320.0,1596.0,5.714285714285714,28.5,-0.4756890050198062,Exclusion Zone
765034,Rayagada,21.0,226.0,542.0,10.761904761904763,25.80952380952381,-0.9941894478675913,Exclusion Zone
766016,Kalahandi,36.0,249.0,683.0,6.916666666666667,18.97222222222222,-0.9248264853993393,Exclusion Zone
766026,Kalahandi,46.0,827.0,1227.0,17.97826086956522,26.67391304347826,-0.657213353606934,Exclusion Zone
766028,Kalahandi,60.0,305.0,1312.0,5.083333333333333,21.866666666666667,-0.6153988017643707,Exclusion Zone
766031,Kalahandi,71.0,664.0,1535.0,9.352112676056338,21.619718309859156,-0.5056970951656458,Exclusion Zone
766032,Kalahandi,8.0,35.0,42.0,4.375,5.25,-1.2401573998826698,Exclusion Zone
766117,Nuapada,1.0,15.0,24.0,15.0,24.0,-1.2490122461552124,Exclusion Zone
767021,Balangir,57.0,397.0,1048.0,6.964912280701754,18.385964912280702,-0.7452698804283321,Exclusion Zone
767022,Balangir,64.0,309.0,1358.0,4.828125,21.21875,-0.5927697501789835,Exclusion Zone
767030,Balangir,76.0,713.0,1489.0,9.381578947368421,19.592105263157894,-0.528326146751033,Exclusion Zone
767034,Subarnapur,1.0,3.0,3.0,3.0,3.0,-1.2593429001398457,Exclusion Zone
767041,Balangir,72.0,504.0,1283.0,7.0,17.819444444444443,-0.6296649429812452,Exclusion Zone
767042,Balangir,7.0,32.0,35.0,4.571428571428571,5.0,-1.2436009512108808,Exclusion Zone
767046,Balangir,57.0,352.0,830.0,6.175438596491228,14.56140350877193,-0.8525119075069062,Exclusion Zone
767048,Balangir,87.0,637.0,1578.0,7.32183908045977,18.137931034482758,-0.484543851292349,Exclusion Zone
767061,Balangir,71.0,450.0,1341.0,6.338028169014085,18.887323943661972,-0.6011326605474961,Exclusion Zone
767068,Subarnapur,51.0,274.0,1083.0,5.372549019607843,21.235294117647058,-0.7280521237872766,Exclusion Zone
767070,Balangir,1.0,24.0,44.0,24.0,44.0,-1.2391735280746095,Exclusion Zone
768002,Sambalpur,27.0,280.0,899.0,10.37037037037037,33.2962962962963,-0.8185683301288255,Exclusion Zone
768003,Sambalpur,64.0,670.0,1529.0,10.46875,23.890625,-0.5086487105898267,Exclusion Zone
768004,Sambalpur,68.0,710.0,1614.0,10.441176470588236,23.735294117647058,-0.46683415874726336,Exclusion Zone
768016,Sambalpur,70.0,623.0,1045.0,8.9,14.928571428571429,-0.7467456881404225,Exclusion Zone
768017,Sambalpur,82.0,795.0,1202.0,9.695121951219512,14.658536585365853,-0.6695117512076879,Exclusion Zone
768018,Sambalpur,5.0,30.0,29.0,6.0,5.8,-1.2465525666350619,Exclusion Zone
768019,Sambalpur,11.0,42.0,71.0,3.8181818181818183,6.454545454545454,-1.225891258665795,Exclusion Zone
768020,Sambalpur,8.0,54.0,70.0,6.75,8.75,-1.2263831945698254,Exclusion Zone
768025,Sambalpur,30.0,230.0,447.0,7.666666666666667,14.9,-1.0409233587504563,Exclusion Zone
768026,Sambalpur,26.0,219.0,330.0,8.423076923076923,12.692307692307692,-1.0984798595219847,Exclusion Zone
768031,Bargarh,18.0,143.0,384.0,7.944444444444445,21.333333333333332,-1.0719153207043561,Exclusion Zone
768048,Bargarh,91.0,242.0,914.0,2.659340659340659,10.043956043956044,-0.811189291568373,Exclusion Zone
768052,Bargarh,61.0,428.0,1131.0,7.016393442622951,18.540983606557376,-0.7044392003938291,Exclusion Zone
768102,Bargarh,79.0,447.0,1319.0,5.658227848101266,16.696202531645568,-0.6119552504361596,Exclusion Zone
768111,Bargarh,72.0,619.0,1051.0,8.597222222222221,14.597222222222221,-0.7437940727162416,Exclusion Zone
768113,Sambalpur,94.0,858.0,1410.0,9.127659574468085,15.0,-0.5671890831694153,Exclusion Zone
768115,Bargarh,69.0,515.0,1278.0,7.463768115942029,18.52173913043478,-0.632124622501396,Exclusion Zone
768118,Sambalpur,0.0,3.0,0.0,0.0,0.0,-1.2608187078519364,Exclusion Zone
768119,Deogarh,86.0,692.0,1845.0,8.046511627906977,21.453488372093023,-0.3531969649162972,Exclusion Zone
768121,Deogarh,75.0,590.0,1074.0,7.866666666666666,14.32,-0.732479546923548,Exclusion Zone
768203,Jharsuguda,27.0,242.0,677.0,8.962962962962964,25.074074074074073,-0.9277781008235202,Exclusion Zone
768204,Jharsuguda,52.0,502.0,860.0,9.653846153846153,16.53846153846154,-0.8377538303860015,Exclusion Zone
768211,Jharsuguda,57.0,633.0,1792.0,11.105263157894736,31.43859649122807,-0.3792695678298955,Exclusion Zone
768213,Jharsuguda,95.0,1157.0,2069.0,12.178947368421053,21.778947368421054,-0.24300332241354208,Exclusion Zone
768214,Sambalpur,41.0,483.0,1029.0,11.78048780487805,25.097560975609756,-0.754616662604905,Exclusion Zone
768215,Jharsuguda,30.0,476.0,674.0,15.866666666666667,22.466666666666665,-0.9292539085356106,Exclusion Zone
768217,Jharsuguda,71.0,776.0,2149.0,10.929577464788732,30.267605633802816,-0.20364845009112956,Exclusion Zone
768218,Jharsuguda,28.0,224.0,806.0,8.0,28.785714285714285,-0.86431836920363,Exclusion Zone
768219,Jharsuguda,58.0,476.0,1039.0,8.206896551724139,17.913793103448278,-0.7496973035646035,Exclusion Zone
768220,Jharsuguda,45.0,695.0,1440.0,15.444444444444445,32.0,-0.5524310060485107,Exclusion Zone
768224,Sambalpur,83.0,536.0,1757.0,6.457831325301205,21.16867469879518,-0.396487324470951,Exclusion Zone
768225,Jharsuguda,50.0,272.0,676.0,5.44,13.52,-0.9282700367275504,Exclusion Zone
768226,Jharsuguda,97.0,936.0,1939.0,9.649484536082474,19.989690721649485,-0.30695498993746245,Exclusion Zone
768227,Sambalpur,72.0,513.0,1885.0,7.125,26.180555555555557,-0.3335195287550909,Exclusion Zone
768233,Jharsuguda,7.0,106.0,308.0,15.142857142857142,44.0,-1.109302449410648,Exclusion Zone
768234,Jharsuguda,27.0,198.0,1022.0,7.333333333333333,37.851851851851855,-0.7580602139331162,Exclusion Zone
769002,Sundargarh,46.0,504.0,1363.0,10.956521739130435,29.630434782608695,-0.5903100706588327,Exclusion Zone
769005,Sundargarh,24.0,143.0,696.0,5.958333333333333,29.0,-0.9184313186469473,Exclusion Zone
769006,Sundargarh,19.0,168.0,403.0,8.842105263157896,21.210526315789473,-1.0625685385277832,Exclusion Zone
769007,Sundargarh,58.0,369.0,992.0,6.362068965517241,17.103448275862068,-0.7728182910540209,Exclusion Zone
769008,Sundargarh,21.0,110.0,432.0,5.238095238095238,20.571428571428573,-1.0483023973109087,Exclusion Zone
769009,Sundargarh,29.0,154.0,699.0,5.310344827586207,24.103448275862068,-0.9169555109348567,Exclusion Zone
769010,Sundargarh,4.0,40.0,90.0,10.0,22.5,-1.2165444764892221,Exclusion Zone
769011,Sundargarh,3.0,12.0,22.0,4.0,7.333333333333333,-1.2499961179632728,Exclusion Zone
769013,Sundargarh,45.0,293.0,1076.0,6.511111111111111,23.91111111111111,-0.7314956751154876,Exclusion Zone
769014,Sundargarh,30.0,207.0,824.0,6.9,27.466666666666665,-0.8554635229310872,Exclusion Zone
769015,Sundargarh,66.0,462.0,1421.0,7.0,21.53030303030303,-0.5617777882250836,Exclusion Zone
769016,Sundargarh,25.0,217.0,772.0,8.68,30.88,-0.8810441899406554,Exclusion Zone
769042,Sundargarh,80.0,629.0,1591.0,7.8625,19.8875,-0.47814868453995696,Exclusion Zone
769043,Sundargarh,36.0,250.0,1465.0,6.944444444444445,40.69444444444444,-0.5401326084477567,Exclusion Zone
770001,Sundargarh,59.0,571.0,1092.0,9.677966101694915,18.508474576271187,-0.7236247006510051,Exclusion Zone
770002,Sundargarh,83.0,760.0,1868.0,9.156626506024097,22.50602409638554,-0.34188243912360355,Exclusion Zone
770011,Sundargarh,61.0,351.0,1155.0,5.754098360655738,18.934426229508198,-0.6926327386971053,Exclusion Zone
770013,Sundargarh,39.0,307.0,692.0,7.871794871794871,17.743589743589745,-0.9203990622630679,Exclusion Zone
770019,Sundargarh,41.0,382.0,921.0,9.317073170731707,22.463414634146343,-0.807745740240162,Exclusion Zone
770020,Sundargarh,54.0,580.0,1388.0,10.74074074074074,25.703703703703702,-0.5780116730580788,Exclusion Zone
770021,Sundargarh,38.0,247.0,659.0,6.5,17.342105263157894,-0.936632947096063,Exclusion Zone
770022,Sundargarh,57.0,693.0,1771.0,12.157894736842104,31.07017543859649,-0.3896002218145288,Exclusion Zone
770023,Sundargarh,38.0,392.0,953.0,10.31578947368421,25.07894736842105,-0.7920037913111969,Exclusion Zone
770024,Sundargarh,61.0,644.0,1104.0,10.557377049180328,18.098360655737704,-0.7177214698026433,Exclusion Zone
770031,Sundargarh,59.0,679.0,1742.0,11.508474576271187,29.52542372881356,-0.40386636303140333,Exclusion Zone
770032,Sundargarh,52.0,581.0,2110.0,11.173076923076923,40.57692307692308,-0.22283395034830566,Exclusion Zone
770034,Sundargarh,72.0,738.0,1587.0,10.25,22.041666666666668,-0.48011642815607763,Exclusion Zone
770038,Sundargarh,82.0,929.0,1738.0,11.329268292682928,21.195121951219512,-0.40583410664752395,Exclusion Zone
770039,Sundargarh,86.0,668.0,2070.0,7.767441860465116,24.069767441860463,-0.24251138650951193,Exclusion Zone
770041,Sundargarh,23.0,205.0,676.0,8.91304347826087,29.391304347826086,-0.9282700367275504,Exclusion Zone
770042,Sundargarh,11.0,46.0,176.0,4.181818181818182,16.0,-1.1742379887426286,Exclusion Zone
770043,Sundargarh,92.0,835.0,1859.0,9.076086956521738,20.206521739130434,-0.346309862259875,Exclusion Zone
770046,Sundargarh,20.0,122.0,507.0,6.1,25.35,-1.0114072045086469,Exclusion Zone
770048,Sundargarh,89.0,731.0,1724.0,8.213483146067416,19.370786516853933,-0.4127212093039461,Exclusion Zone
770051,Sundargarh,92.0,948.0,1947.0,10.304347826086957,21.16304347826087,-0.3030195027052212,Exclusion Zone
770052,Sundargarh,26.0,71.0,358.0,2.730769230769231,13.76923076923077,-1.0847056542091402,Exclusion Zone
770070,Sundargarh,24.0,147.0,613.0,6.125,25.541666666666668,-0.9592619986814502,Exclusion Zone
770072,Sundargarh,29.0,267.0,710.0,9.206896551724139,24.482758620689655,-0.911544215990525,Exclusion Zone
770073,Sundargarh,31.0,431.0,1173.0,13.903225806451612,37.83870967741935,-0.6837778924245624,Exclusion Zone
770075,Sundargarh,29.0,158.0,514.0,5.448275862068965,17.724137931034484,-1.0079636531804357,Exclusion Zone
770076,Sundargarh,16.0,169.0,510.0,10.5625,31.875,-1.0099313967965564,Exclusion Zone
